,LData,HData,Frequency,H,L,CF,RF,MidPoint,(X-Xm),(X-Xm)2,f(x),f(X-Xm2)
0,99.0,103.0,161.0,103.5,98.5,161.0,0.0023134843085412114,101.0,-1695.0,2873025.0,16261.0,462557025.0
1,104.0,108.0,161.0,108.5,103.5,322.0,0.0023134843085412114,106.0,-1690.0,2856100.0,17066.0,459832100.0
2,109.0,113.0,86.0,113.5,108.5,408.0,0.0012357742269226348,111.0,-1685.0,2839225.0,9546.0,244173350.0
3,114.0,118.0,186.0,118.5,113.5,594.0,0.0026727210024140705,116.0,-1680.0,2822400.0,21576.0,524966400.0
4,119.0,123.0,110.0,123.5,118.5,704.0,0.0015806414530405795,121.0,-1675.0,2805625.0,13310.0,308618750.0
5,124.0,128.0,105.0,128.5,123.5,809.0,0.0015087941142660076,126.0,-1670.0,2788900.0,13230.0,292834500.0
6,129.0,133.0,91.0,133.5,128.5,900.0,0.0013076215656972067,131.0,-1665.0,2772225.0,11921.0,252272475.0
7,134.0,138.0,190.0,138.5,133.5,1090.0,0.002730198873433728,136.0,-1660.0,2755600.0,25840.0,523564000.0
8,139.0,143.0,174.0,143.5,138.5,1264.0,0.0025002873893550984,141.0,-1655.0,2739025.0,24534.0,476590350.0
9,144.0,148.0,73.0,148.5,143.5,1337.0,0.001048971146108748,146.0,-1650.0,2722500.0,10658.0,198742500.0
10,149.0,153.0,195.0,153.5,148.5,1532.0,0.0028020462122083,151.0,-1645.0,2706025.0,29445.0,527674875.0
11,154.0,158.0,57.0,158.5,153.5,1589.0,0.0008190596620301184,156.0,-1640.0,2689600.0,8892.0,153307200.0
12,159.0,163.0,121.0,163.5,158.5,1710.0,0.0017387055983446374,161.0,-1635.0,2673225.0,19481.0,323460225.0
13,164.0,168.0,105.0,168.5,163.5,1815.0,0.0015087941142660076,166.0,-1630.0,2656900.0,17430.0,278974500.0
14,169.0,173.0,146.0,173.5,168.5,1961.0,0.002097942292217496,171.0,-1625.0,2640625.0,24966.0,385531250.0
15,174.0,178.0,28.0,178.5,173.5,1989.0,0.000402345097137602,176.0,-1620.0,2624400.0,4928.0,73483200.0
16,179.0,183.0,46.0,183.5,178.5,2035.0,0.0006609955167260604,181.0,-1615.0,2608225.0,8326.0,119978350.0
17,184.0,188.0,187.0,188.5,183.5,2222.0,0.002687090470168985,186.0,-1610.0,2592100.0,34782.0,484722700.0
18,189.0,193.0,175.0,193.5,188.5,2397.0,0.002514656857110013,191.0,-1605.0,2576025.0,33425.0,450804375.0
19,194.0,198.0,6.0,198.5,193.5,2403.0,8.621680652948614e-05,196.0,-1600.0,2560000.0,1176.0,15360000.0
20,199.0,203.0,193.0,203.5,198.5,2596.0,0.002773307276698471,201.0,-1595.0,2544025.0,38793.0,490996825.0
21,204.0,208.0,121.0,208.5,203.5,2717.0,0.0017387055983446374,206.0,-1590.0,2528100.0,24926.0,305900100.0
22,209.0,213.0,49.0,213.5,208.5,2766.0,0.0007041039199908036,211.0,-1585.0,2512225.0,10339.0,123099025.0
23,214.0,218.0,131.0,218.5,213.5,2897.0,0.001882400275893781,216.0,-1580.0,2496400.0,28296.0,327028400.0
24,219.0,223.0,193.0,223.5,218.5,3090.0,0.002773307276698471,221.0,-1575.0,2480625.0,42653.0,478760625.0
25,224.0,228.0,79.0,228.5,223.5,3169.0,0.0011351879526382343,226.0,-1570.0,2464900.0,17854.0,194727100.0
26,229.0,233.0,11.0,233.5,228.5,3180.0,0.00015806414530405793,231.0,-1565.0,2449225.0,2541.0,26941475.0
27,234.0,238.0,138.0,238.5,233.5,3318.0,0.0019829865501781816,236.0,-1560.0,2433600.0,32568.0,335836800.0
28,239.0,243.0,16.0,243.5,238.5,3334.0,0.00022991148407862974,241.0,-1555.0,2418025.0,3856.0,38688400.0
29,244.0,248.0,159.0,248.5,243.5,3493.0,0.002284745373031383,246.0,-1550.0,2402500.0,39114.0,381997500.0
30,249.0,253.0,47.0,253.5,248.5,3540.0,0.0006753649844809748,251.0,-1545.0,2387025.0,11797.0,112190175.0
31,254.0,258.0,84.0,258.5,253.5,3624.0,0.0012070352914128062,256.0,-1540.0,2371600.0,21504.0,199214400.0
32,259.0,263.0,170.0,263.5,258.5,3794.0,0.0024428095183354408,261.0,-1535.0,2356225.0,44370.0,400558250.0
33,264.0,268.0,87.0,268.5,263.5,3881.0,0.0012501436946775492,266.0,-1530.0,2340900.0,23142.0,203658300.0
34,269.0,273.0,94.0,273.5,268.5,3975.0,0.0013507299689619497,271.0,-1525.0,2325625.0,25474.0,218608750.0
35,274.0,278.0,89.0,278.5,273.5,4064.0,0.0012788826301873778,276.0,-1520.0,2310400.0,24564.0,205625600.0
36,279.0,283.0,156.0,283.5,278.5,4220.0,0.00224163696976664,281.0,-1515.0,2295225.0,43836.0,358055100.0
37,284.0,288.0,27.0,288.5,283.5,4247.0,0.00038797562938268766,286.0,-1510.0,2280100.0,7722.0,61562700.0
38,289.0,293.0,154.0,293.5,288.5,4401.0,0.002212898034256811,291.0,-1505.0,2265025.0,44814.0,348813850.0
39,294.0,298.0,42.0,298.5,293.5,4443.0,0.0006035176457064031,296.0,-1500.0,2250000.0,12432.0,94500000.0
40,299.0,303.0,124.0,303.5,298.5,4567.0,0.0017818140016093804,301.0,-1495.0,2235025.0,37324.0,277143100.0
41,304.0,308.0,32.0,308.5,303.5,4599.0,0.00045982296815725947,306.0,-1490.0,2220100.0,9792.0,71043200.0
42,309.0,313.0,114.0,313.5,308.5,4713.0,0.0016381193240602367,311.0,-1485.0,2205225.0,35454.0,251395650.0
43,314.0,318.0,23.0,318.5,313.5,4736.0,0.0003304977583630302,316.0,-1480.0,2190400.0,7268.0,50379200.0
44,319.0,323.0,16.0,323.5,318.5,4752.0,0.00022991148407862974,321.0,-1475.0,2175625.0,5136.0,34810000.0
45,324.0,328.0,127.0,328.5,323.5,4879.0,0.0018249224048741235,326.0,-1470.0,2160900.0,41402.0,274434300.0
46,329.0,333.0,68.0,333.5,328.5,4947.0,0.0009771238073341764,331.0,-1465.0,2146225.0,22508.0,145943300.0
47,334.0,338.0,6.0,338.5,333.5,4953.0,8.621680652948614e-05,336.0,-1460.0,2131600.0,2016.0,12789600.0
48,339.0,343.0,168.0,343.5,338.5,5121.0,0.0024140705828256124,341.0,-1455.0,2117025.0,57288.0,355660200.0
49,344.0,348.0,116.0,348.5,343.5,5237.0,0.0016668582595700655,346.0,-1450.0,2102500.0,40136.0,243890000.0
50,349.0,353.0,111.0,353.5,348.5,5348.0,0.0015950109207954937,351.0,-1445.0,2088025.0,38961.0,231770775.0
51,354.0,358.0,20.0,358.5,353.5,5368.0,0.0002873893550982872,356.0,-1440.0,2073600.0,7120.0,41472000.0
52,359.0,363.0,176.0,363.5,358.5,5544.0,0.002529026324864927,361.0,-1435.0,2059225.0,63536.0,362423600.0
53,364.0,368.0,176.0,368.5,363.5,5720.0,0.002529026324864927,366.0,-1430.0,2044900.0,64416.0,359902400.0
54,369.0,373.0,167.0,373.5,368.5,5887.0,0.002399701115070698,371.0,-1425.0,2030625.0,61957.0,339114375.0
55,374.0,378.0,18.0,378.5,373.5,5905.0,0.00025865041958845846,376.0,-1420.0,2016400.0,6768.0,36295200.0
56,379.0,383.0,150.0,383.5,378.5,6055.0,0.0021554201632371537,381.0,-1415.0,2002225.0,57150.0,300333750.0
57,384.0,388.0,71.0,388.5,383.5,6126.0,0.0010202322105989194,386.0,-1410.0,1988100.0,27406.0,141155100.0
58,389.0,393.0,125.0,393.5,388.5,6251.0,0.0017961834693642949,391.0,-1405.0,1974025.0,48875.0,246753125.0
59,394.0,398.0,8.0,398.5,393.5,6259.0,0.00011495574203931487,396.0,-1400.0,1960000.0,3168.0,15680000.0
60,399.0,403.0,177.0,403.5,398.5,6436.0,0.0025433957926198412,401.0,-1395.0,1946025.0,70977.0,344446425.0
61,404.0,408.0,173.0,408.5,403.5,6609.0,0.002485917921600184,406.0,-1390.0,1932100.0,70238.0,334253300.0
62,409.0,413.0,187.0,413.5,408.5,6796.0,0.002687090470168985,411.0,-1385.0,1918225.0,76857.0,358708075.0
63,414.0,418.0,115.0,418.5,413.5,6911.0,0.0016524887918151511,416.0,-1380.0,1904400.0,47840.0,219006000.0
64,419.0,423.0,131.0,423.5,418.5,7042.0,0.001882400275893781,421.0,-1375.0,1890625.0,55151.0,247671875.0
65,424.0,428.0,88.0,428.5,423.5,7130.0,0.0012645131624324634,426.0,-1370.0,1876900.0,37488.0,165167200.0
66,429.0,433.0,3.0,433.5,428.5,7133.0,4.310840326474307e-05,431.0,-1365.0,1863225.0,1293.0,5589675.0
67,434.0,438.0,129.0,438.5,433.5,7262.0,0.001853661340383952,436.0,-1360.0,1849600.0,56244.0,238598400.0
68,439.0,443.0,122.0,443.5,438.5,7384.0,0.0017530750660995516,441.0,-1355.0,1836025.0,53802.0,223995050.0
69,444.0,448.0,68.0,448.5,443.5,7452.0,0.0009771238073341764,446.0,-1350.0,1822500.0,30328.0,123930000.0
70,449.0,453.0,192.0,453.5,448.5,7644.0,0.0027589378089435566,451.0,-1345.0,1809025.0,86592.0,347332800.0
71,454.0,458.0,3.0,458.5,453.5,7647.0,4.310840326474307e-05,456.0,-1340.0,1795600.0,1368.0,5386800.0
72,459.0,463.0,102.0,463.5,458.5,7749.0,0.0014656857110012646,461.0,-1335.0,1782225.0,47022.0,181786950.0
73,464.0,468.0,12.0,468.5,463.5,7761.0,0.0001724336130589723,466.0,-1330.0,1768900.0,5592.0,21226800.0
74,469.0,473.0,144.0,473.5,468.5,7905.0,0.0020692033567076677,471.0,-1325.0,1755625.0,67824.0,252810000.0
75,474.0,478.0,52.0,478.5,473.5,7957.0,0.0007472123232555466,476.0,-1320.0,1742400.0,24752.0,90604800.0
76,479.0,483.0,18.0,483.5,478.5,7975.0,0.00025865041958845846,481.0,-1315.0,1729225.0,8658.0,31126050.0
77,484.0,488.0,92.0,488.5,483.5,8067.0,0.0013219910334521209,486.0,-1310.0,1716100.0,44712.0,157881200.0
78,489.0,493.0,175.0,493.5,488.5,8242.0,0.002514656857110013,491.0,-1305.0,1703025.0,85925.0,298029375.0
79,494.0,498.0,15.0,498.5,493.5,8257.0,0.00021554201632371537,496.0,-1300.0,1690000.0,7440.0,25350000.0
80,499.0,503.0,178.0,503.5,498.5,8435.0,0.0025577652603747556,501.0,-1295.0,1677025.0,89178.0,298510450.0
81,504.0,508.0,78.0,508.5,503.5,8513.0,0.00112081848488332,506.0,-1290.0,1664100.0,39468.0,129799800.0
82,509.0,513.0,88.0,513.5,508.5,8601.0,0.0012645131624324634,511.0,-1285.0,1651225.0,44968.0,145307800.0
83,514.0,518.0,101.0,518.5,513.5,8702.0,0.0014513162432463502,516.0,-1280.0,1638400.0,52116.0,165478400.0
84,519.0,523.0,121.0,523.5,518.5,8823.0,0.0017387055983446374,521.0,-1275.0,1625625.0,63041.0,196700625.0
85,524.0,528.0,180.0,528.5,523.5,9003.0,0.0025865041958845845,526.0,-1270.0,1612900.0,94680.0,290322000.0
86,529.0,533.0,57.0,533.5,528.5,9060.0,0.0008190596620301184,531.0,-1265.0,1600225.0,30267.0,91212825.0
87,534.0,538.0,50.0,538.5,533.5,9110.0,0.0007184733877457179,536.0,-1260.0,1587600.0,26800.0,79380000.0
88,539.0,543.0,192.0,543.5,538.5,9302.0,0.0027589378089435566,541.0,-1255.0,1575025.0,103872.0,302404800.0
89,544.0,548.0,80.0,548.5,543.5,9382.0,0.0011495574203931487,546.0,-1250.0,1562500.0,43680.0,125000000.0
90,549.0,553.0,23.0,553.5,548.5,9405.0,0.0003304977583630302,551.0,-1245.0,1550025.0,12673.0,35650575.0
91,554.0,558.0,67.0,558.5,553.5,9472.0,0.000962754339579262,556.0,-1240.0,1537600.0,37252.0,103019200.0
92,559.0,563.0,56.0,563.5,558.5,9528.0,0.000804690194275204,561.0,-1235.0,1525225.0,31416.0,85412600.0
93,564.0,568.0,200.0,568.5,563.5,9728.0,0.0028738935509828715,566.0,-1230.0,1512900.0,113200.0,302580000.0
94,569.0,573.0,79.0,573.5,568.5,9807.0,0.0011351879526382343,571.0,-1225.0,1500625.0,45109.0,118549375.0
95,574.0,578.0,169.0,578.5,573.5,9976.0,0.0024284400505805263,576.0,-1220.0,1488400.0,97344.0,251539600.0
96,579.0,583.0,135.0,583.5,578.5,10111.0,0.0019398781469134384,581.0,-1215.0,1476225.0,78435.0,199290375.0
97,584.0,588.0,157.0,588.5,583.5,10268.0,0.002256006437521554,586.0,-1210.0,1464100.0,92002.0,229863700.0
98,589.0,593.0,22.0,593.5,588.5,10290.0,0.00031612829060811585,591.0,-1205.0,1452025.0,13002.0,31944550.0
99,594.0,598.0,24.0,598.5,593.5,10314.0,0.0003448672261179446,596.0,-1200.0,1440000.0,14304.0,34560000.0
100,599.0,603.0,97.0,603.5,598.5,10411.0,0.0013938383722266927,601.0,-1195.0,1428025.0,58297.0,138518425.0
101,604.0,608.0,79.0,608.5,603.5,10490.0,0.0011351879526382343,606.0,-1190.0,1416100.0,47874.0,111871900.0
102,609.0,613.0,15.0,613.5,608.5,10505.0,0.00021554201632371537,611.0,-1185.0,1404225.0,9165.0,21063375.0
103,614.0,618.0,53.0,618.5,613.5,10558.0,0.000761581791010461,616.0,-1180.0,1392400.0,32648.0,73797200.0
104,619.0,623.0,183.0,623.5,618.5,10741.0,0.0026296125991493273,621.0,-1175.0,1380625.0,113643.0,252654375.0
105,624.0,628.0,91.0,628.5,623.5,10832.0,0.0013076215656972067,626.0,-1170.0,1368900.0,56966.0,124569900.0
106,629.0,633.0,137.0,633.5,628.5,10969.0,0.001968617082423267,631.0,-1165.0,1357225.0,86447.0,185939825.0
107,634.0,638.0,32.0,638.5,633.5,11001.0,0.00045982296815725947,636.0,-1160.0,1345600.0,20352.0,43059200.0
108,639.0,643.0,83.0,643.5,638.5,11084.0,0.0011926658236578918,641.0,-1155.0,1334025.0,53203.0,110724075.0
109,644.0,648.0,63.0,648.5,643.5,11147.0,0.0009052764685596045,646.0,-1150.0,1322500.0,40698.0,83317500.0
110,649.0,653.0,151.0,653.5,648.5,11298.0,0.002169789630992068,651.0,-1145.0,1311025.0,98301.0,197964775.0
111,654.0,658.0,177.0,658.5,653.5,11475.0,0.0025433957926198412,656.0,-1140.0,1299600.0,116112.0,230029200.0
112,659.0,663.0,16.0,663.5,658.5,11491.0,0.00022991148407862974,661.0,-1135.0,1288225.0,10576.0,20611600.0
113,664.0,668.0,58.0,668.5,663.5,11549.0,0.0008334291297850328,666.0,-1130.0,1276900.0,38628.0,74060200.0
114,669.0,673.0,77.0,673.5,668.5,11626.0,0.0011064490171284055,671.0,-1125.0,1265625.0,51667.0,97453125.0
115,674.0,678.0,63.0,678.5,673.5,11689.0,0.0009052764685596045,676.0,-1120.0,1254400.0,42588.0,79027200.0
116,679.0,683.0,52.0,683.5,678.5,11741.0,0.0007472123232555466,681.0,-1115.0,1243225.0,35412.0,64647700.0
117,684.0,688.0,26.0,688.5,683.5,11767.0,0.0003736061616277733,686.0,-1110.0,1232100.0,17836.0,32034600.0
118,689.0,693.0,21.0,693.5,688.5,11788.0,0.00030175882285320154,691.0,-1105.0,1221025.0,14511.0,25641525.0
119,694.0,698.0,9.0,698.5,693.5,11797.0,0.00012932520979422923,696.0,-1100.0,1210000.0,6264.0,10890000.0
120,699.0,703.0,164.0,703.5,698.5,11961.0,0.0023565927118059547,701.0,-1095.0,1199025.0,114964.0,196640100.0
121,704.0,708.0,112.0,708.5,703.5,12073.0,0.001609380388550408,706.0,-1090.0,1188100.0,79072.0,133067200.0
122,709.0,713.0,124.0,713.5,708.5,12197.0,0.0017818140016093804,711.0,-1085.0,1177225.0,88164.0,145975900.0
123,714.0,718.0,14.0,718.5,713.5,12211.0,0.000201172548568801,716.0,-1080.0,1166400.0,10024.0,16329600.0
124,719.0,723.0,151.0,723.5,718.5,12362.0,0.002169789630992068,721.0,-1075.0,1155625.0,108871.0,174499375.0
125,724.0,728.0,34.0,728.5,723.5,12396.0,0.0004885619036670882,726.0,-1070.0,1144900.0,24684.0,38926600.0
126,729.0,733.0,55.0,733.5,728.5,12451.0,0.0007903207265202897,731.0,-1065.0,1134225.0,40205.0,62382375.0
127,734.0,738.0,102.0,738.5,733.5,12553.0,0.0014656857110012646,736.0,-1060.0,1123600.0,75072.0,114607200.0
128,739.0,743.0,154.0,743.5,738.5,12707.0,0.002212898034256811,741.0,-1055.0,1113025.0,114114.0,171405850.0
129,744.0,748.0,25.0,748.5,743.5,12732.0,0.00035923669387285894,746.0,-1050.0,1102500.0,18650.0,27562500.0
130,749.0,753.0,176.0,753.5,748.5,12908.0,0.002529026324864927,751.0,-1045.0,1092025.0,132176.0,192196400.0
131,754.0,758.0,146.0,758.5,753.5,13054.0,0.002097942292217496,756.0,-1040.0,1081600.0,110376.0,157913600.0
132,759.0,763.0,91.0,763.5,758.5,13145.0,0.0013076215656972067,761.0,-1035.0,1071225.0,69251.0,97481475.0
133,764.0,768.0,85.0,768.5,763.5,13230.0,0.0012214047591677204,766.0,-1030.0,1060900.0,65110.0,90176500.0
134,769.0,773.0,134.0,773.5,768.5,13364.0,0.001925508679158524,771.0,-1025.0,1050625.0,103314.0,140783750.0
135,774.0,778.0,151.0,778.5,773.5,13515.0,0.002169789630992068,776.0,-1020.0,1040400.0,117176.0,157100400.0
136,779.0,783.0,35.0,783.5,778.5,13550.0,0.0005029313714220025,781.0,-1015.0,1030225.0,27335.0,36057875.0
137,784.0,788.0,116.0,788.5,783.5,13666.0,0.0016668582595700655,786.0,-1010.0,1020100.0,91176.0,118331600.0
138,789.0,793.0,88.0,793.5,788.5,13754.0,0.0012645131624324634,791.0,-1005.0,1010025.0,69608.0,88882200.0
139,794.0,798.0,77.0,798.5,793.5,13831.0,0.0011064490171284055,796.0,-1000.0,1000000.0,61292.0,77000000.0
140,799.0,803.0,71.0,803.5,798.5,13902.0,0.0010202322105989194,801.0,-995.0,990025.0,56871.0,70291775.0
141,804.0,808.0,176.0,808.5,803.5,14078.0,0.002529026324864927,806.0,-990.0,980100.0,141856.0,172497600.0
142,809.0,813.0,113.0,813.5,808.5,14191.0,0.0016237498563053225,811.0,-985.0,970225.0,91643.0,109635425.0
143,814.0,818.0,142.0,818.5,813.5,14333.0,0.002040464421197839,816.0,-980.0,960400.0,115872.0,136376800.0
144,819.0,823.0,142.0,823.5,818.5,14475.0,0.002040464421197839,821.0,-975.0,950625.0,116582.0,134988750.0
145,824.0,828.0,179.0,828.5,823.5,14654.0,0.00257213472812967,826.0,-970.0,940900.0,147854.0,168421100.0
146,829.0,833.0,32.0,833.5,828.5,14686.0,0.00045982296815725947,831.0,-965.0,931225.0,26592.0,29799200.0
147,834.0,838.0,139.0,838.5,833.5,14825.0,0.0019973560179330956,836.0,-960.0,921600.0,116204.0,128102400.0
148,839.0,843.0,107.0,843.5,838.5,14932.0,0.0015375330497758362,841.0,-955.0,912025.0,89987.0,97586675.0
149,844.0,848.0,177.0,848.5,843.5,15109.0,0.0025433957926198412,846.0,-950.0,902500.0,149742.0,159742500.0
150,849.0,853.0,93.0,853.5,848.5,15202.0,0.0013363605012070353,851.0,-945.0,893025.0,79143.0,83051325.0
151,854.0,858.0,164.0,858.5,853.5,15366.0,0.0023565927118059547,856.0,-940.0,883600.0,140384.0,144910400.0
152,859.0,863.0,58.0,863.5,858.5,15424.0,0.0008334291297850328,861.0,-935.0,874225.0,49938.0,50705050.0
153,864.0,868.0,190.0,868.5,863.5,15614.0,0.002730198873433728,866.0,-930.0,864900.0,164540.0,164331000.0
154,869.0,873.0,95.0,873.5,868.5,15709.0,0.001365099436716864,871.0,-925.0,855625.0,82745.0,81284375.0
155,874.0,878.0,108.0,878.5,873.5,15817.0,0.0015519025175307506,876.0,-920.0,846400.0,94608.0,91411200.0
156,879.0,883.0,22.0,883.5,878.5,15839.0,0.00031612829060811585,881.0,-915.0,837225.0,19382.0,18418950.0
157,884.0,888.0,71.0,888.5,883.5,15910.0,0.0010202322105989194,886.0,-910.0,828100.0,62906.0,58795100.0
158,889.0,893.0,123.0,893.5,888.5,16033.0,0.001767444533854466,891.0,-905.0,819025.0,109593.0,100740075.0
159,894.0,898.0,83.0,898.5,893.5,16116.0,0.0011926658236578918,896.0,-900.0,810000.0,74368.0,67230000.0
160,899.0,903.0,114.0,903.5,898.5,16230.0,0.0016381193240602367,901.0,-895.0,801025.0,102714.0,91316850.0
161,904.0,908.0,62.0,908.5,903.5,16292.0,0.0008909070008046902,906.0,-890.0,792100.0,56172.0,49110200.0
162,909.0,913.0,184.0,913.5,908.5,16476.0,0.0026439820669042417,911.0,-885.0,783225.0,167624.0,144113400.0
163,914.0,918.0,142.0,918.5,913.5,16618.0,0.002040464421197839,916.0,-880.0,774400.0,130072.0,109964800.0
164,919.0,923.0,188.0,923.5,918.5,16806.0,0.0027014599379238994,921.0,-875.0,765625.0,173148.0,143937500.0
165,924.0,928.0,85.0,928.5,923.5,16891.0,0.0012214047591677204,926.0,-870.0,756900.0,78710.0,64336500.0
166,929.0,933.0,56.0,933.5,928.5,16947.0,0.000804690194275204,931.0,-865.0,748225.0,52136.0,41900600.0
167,934.0,938.0,165.0,938.5,933.5,17112.0,0.002370962179560869,936.0,-860.0,739600.0,154440.0,122034000.0
168,939.0,943.0,14.0,943.5,938.5,17126.0,0.000201172548568801,941.0,-855.0,731025.0,13174.0,10234350.0
169,944.0,948.0,108.0,948.5,943.5,17234.0,0.0015519025175307506,946.0,-850.0,722500.0,102168.0,78030000.0
170,949.0,953.0,35.0,953.5,948.5,17269.0,0.0005029313714220025,951.0,-845.0,714025.0,33285.0,24990875.0
171,954.0,958.0,145.0,958.5,953.5,17414.0,0.002083572824462582,956.0,-840.0,705600.0,138620.0,102312000.0
172,959.0,963.0,187.0,963.5,958.5,17601.0,0.002687090470168985,961.0,-835.0,697225.0,179707.0,130381075.0
173,964.0,968.0,124.0,968.5,963.5,17725.0,0.0017818140016093804,966.0,-830.0,688900.0,119784.0,85423600.0
174,969.0,973.0,180.0,973.5,968.5,17905.0,0.0025865041958845845,971.0,-825.0,680625.0,174780.0,122512500.0
175,974.0,978.0,108.0,978.5,973.5,18013.0,0.0015519025175307506,976.0,-820.0,672400.0,105408.0,72619200.0
176,979.0,983.0,155.0,983.5,978.5,18168.0,0.0022272675020117254,981.0,-815.0,664225.0,152055.0,102954875.0
177,984.0,988.0,82.0,988.5,983.5,18250.0,0.0011782963559029773,986.0,-810.0,656100.0,80852.0,53800200.0
178,989.0,993.0,200.0,993.5,988.5,18450.0,0.0028738935509828715,991.0,-805.0,648025.0,198200.0,129605000.0
179,994.0,998.0,96.0,998.5,993.5,18546.0,0.0013794689044717783,996.0,-800.0,640000.0,95616.0,61440000.0
180,999.0,1003.0,156.0,1003.5,998.5,18702.0,0.00224163696976664,1001.0,-795.0,632025.0,156156.0,98595900.0
181,1004.0,1008.0,42.0,1008.5,1003.5,18744.0,0.0006035176457064031,1006.0,-790.0,624100.0,42252.0,26212200.0
182,1009.0,1013.0,65.0,1013.5,1008.5,18809.0,0.0009340154040694332,1011.0,-785.0,616225.0,65715.0,40054625.0
183,1014.0,1018.0,9.0,1018.5,1013.5,18818.0,0.00012932520979422923,1016.0,-780.0,608400.0,9144.0,5475600.0
184,1019.0,1023.0,71.0,1023.5,1018.5,18889.0,0.0010202322105989194,1021.0,-775.0,600625.0,72491.0,42644375.0
185,1024.0,1028.0,49.0,1028.5,1023.5,18938.0,0.0007041039199908036,1026.0,-770.0,592900.0,50274.0,29052100.0
186,1029.0,1033.0,98.0,1033.5,1028.5,19036.0,0.0014082078399816071,1031.0,-765.0,585225.0,101038.0,57352050.0
187,1034.0,1038.0,145.0,1038.5,1033.5,19181.0,0.002083572824462582,1036.0,-760.0,577600.0,150220.0,83752000.0
188,1039.0,1043.0,12.0,1043.5,1038.5,19193.0,0.0001724336130589723,1041.0,-755.0,570025.0,12492.0,6840300.0
189,1044.0,1048.0,16.0,1048.5,1043.5,19209.0,0.00022991148407862974,1046.0,-750.0,562500.0,16736.0,9000000.0
190,1049.0,1053.0,32.0,1053.5,1048.5,19241.0,0.00045982296815725947,1051.0,-745.0,555025.0,33632.0,17760800.0
191,1054.0,1058.0,99.0,1058.5,1053.5,19340.0,0.0014225773077365213,1056.0,-740.0,547600.0,104544.0,54212400.0
192,1059.0,1063.0,177.0,1063.5,1058.5,19517.0,0.0025433957926198412,1061.0,-735.0,540225.0,187797.0,95619825.0
193,1064.0,1068.0,66.0,1068.5,1063.5,19583.0,0.0009483848718243477,1066.0,-730.0,532900.0,70356.0,35171400.0
194,1069.0,1073.0,74.0,1073.5,1068.5,19657.0,0.0010633406138636625,1071.0,-725.0,525625.0,79254.0,38896250.0
195,1074.0,1078.0,85.0,1078.5,1073.5,19742.0,0.0012214047591677204,1076.0,-720.0,518400.0,91460.0,44064000.0
196,1079.0,1083.0,25.0,1083.5,1078.5,19767.0,0.00035923669387285894,1081.0,-715.0,511225.0,27025.0,12780625.0
197,1084.0,1088.0,186.0,1088.5,1083.5,19953.0,0.0026727210024140705,1086.0,-710.0,504100.0,201996.0,93762600.0
198,1089.0,1093.0,125.0,1093.5,1088.5,20078.0,0.0017961834693642949,1091.0,-705.0,497025.0,136375.0,62128125.0
199,1094.0,1098.0,143.0,1098.5,1093.5,20221.0,0.0020548338889527533,1096.0,-700.0,490000.0,156728.0,70070000.0
200,1099.0,1103.0,122.0,1103.5,1098.5,20343.0,0.0017530750660995516,1101.0,-695.0,483025.0,134322.0,58929050.0
201,1104.0,1108.0,41.0,1108.5,1103.5,20384.0,0.0005891481779514887,1106.0,-690.0,476100.0,45346.0,19520100.0
202,1109.0,1113.0,194.0,1113.5,1108.5,20578.0,0.0027876767444533854,1111.0,-685.0,469225.0,215534.0,91029650.0
203,1114.0,1118.0,95.0,1118.5,1113.5,20673.0,0.001365099436716864,1116.0,-680.0,462400.0,106020.0,43928000.0
204,1119.0,1123.0,198.0,1123.5,1118.5,20871.0,0.0028451546154730427,1121.0,-675.0,455625.0,221958.0,90213750.0
205,1124.0,1128.0,172.0,1128.5,1123.5,21043.0,0.0024715484538452696,1126.0,-670.0,448900.0,193672.0,77210800.0
206,1129.0,1133.0,67.0,1133.5,1128.5,21110.0,0.000962754339579262,1131.0,-665.0,442225.0,75777.0,29629075.0
207,1134.0,1138.0,13.0,1138.5,1133.5,21123.0,0.00018680308081388665,1136.0,-660.0,435600.0,14768.0,5662800.0
208,1139.0,1143.0,110.0,1143.5,1138.5,21233.0,0.0015806414530405795,1141.0,-655.0,429025.0,125510.0,47192750.0
209,1144.0,1148.0,64.0,1148.5,1143.5,21297.0,0.0009196459363145189,1146.0,-650.0,422500.0,73344.0,27040000.0
210,1149.0,1153.0,186.0,1153.5,1148.5,21483.0,0.0026727210024140705,1151.0,-645.0,416025.0,214086.0,77380650.0
211,1154.0,1158.0,193.0,1158.5,1153.5,21676.0,0.002773307276698471,1156.0,-640.0,409600.0,223108.0,79052800.0
212,1159.0,1163.0,94.0,1163.5,1158.5,21770.0,0.0013507299689619497,1161.0,-635.0,403225.0,109134.0,37903150.0
213,1164.0,1168.0,132.0,1168.5,1163.5,21902.0,0.0018967697436486953,1166.0,-630.0,396900.0,153912.0,52390800.0
214,1169.0,1173.0,65.0,1173.5,1168.5,21967.0,0.0009340154040694332,1171.0,-625.0,390625.0,76115.0,25390625.0
215,1174.0,1178.0,175.0,1178.5,1173.5,22142.0,0.002514656857110013,1176.0,-620.0,384400.0,205800.0,67270000.0
216,1179.0,1183.0,175.0,1183.5,1178.5,22317.0,0.002514656857110013,1181.0,-615.0,378225.0,206675.0,66189375.0
217,1184.0,1188.0,42.0,1188.5,1183.5,22359.0,0.0006035176457064031,1186.0,-610.0,372100.0,49812.0,15628200.0
218,1189.0,1193.0,145.0,1193.5,1188.5,22504.0,0.002083572824462582,1191.0,-605.0,366025.0,172695.0,53073625.0
219,1194.0,1198.0,126.0,1198.5,1193.5,22630.0,0.001810552937119209,1196.0,-600.0,360000.0,150696.0,45360000.0
220,1199.0,1203.0,44.0,1203.5,1198.5,22674.0,0.0006322565812162317,1201.0,-595.0,354025.0,52844.0,15577100.0
221,1204.0,1208.0,82.0,1208.5,1203.5,22756.0,0.0011782963559029773,1206.0,-590.0,348100.0,98892.0,28544200.0
222,1209.0,1213.0,24.0,1213.5,1208.5,22780.0,0.0003448672261179446,1211.0,-585.0,342225.0,29064.0,8213400.0
223,1214.0,1218.0,122.0,1218.5,1213.5,22902.0,0.0017530750660995516,1216.0,-580.0,336400.0,148352.0,41040800.0
224,1219.0,1223.0,65.0,1223.5,1218.5,22967.0,0.0009340154040694332,1221.0,-575.0,330625.0,79365.0,21490625.0
225,1224.0,1228.0,20.0,1228.5,1223.5,22987.0,0.0002873893550982872,1226.0,-570.0,324900.0,24520.0,6498000.0
226,1229.0,1233.0,17.0,1233.5,1228.5,23004.0,0.0002442809518335441,1231.0,-565.0,319225.0,20927.0,5426825.0
227,1234.0,1238.0,51.0,1238.5,1233.5,23055.0,0.0007328428555006323,1236.0,-560.0,313600.0,63036.0,15993600.0
228,1239.0,1243.0,17.0,1243.5,1238.5,23072.0,0.0002442809518335441,1241.0,-555.0,308025.0,21097.0,5236425.0
229,1244.0,1248.0,179.0,1248.5,1243.5,23251.0,0.00257213472812967,1246.0,-550.0,302500.0,223034.0,54147500.0
230,1249.0,1253.0,120.0,1253.5,1248.5,23371.0,0.001724336130589723,1251.0,-545.0,297025.0,150120.0,35643000.0
231,1254.0,1258.0,33.0,1258.5,1253.5,23404.0,0.00047419243591217383,1256.0,-540.0,291600.0,41448.0,9622800.0
232,1259.0,1263.0,116.0,1263.5,1258.5,23520.0,0.0016668582595700655,1261.0,-535.0,286225.0,146276.0,33202100.0
233,1264.0,1268.0,103.0,1268.5,1263.5,23623.0,0.0014800551787561788,1266.0,-530.0,280900.0,130398.0,28932700.0
234,1269.0,1273.0,155.0,1273.5,1268.5,23778.0,0.0022272675020117254,1271.0,-525.0,275625.0,197005.0,42721875.0
235,1274.0,1278.0,120.0,1278.5,1273.5,23898.0,0.001724336130589723,1276.0,-520.0,270400.0,153120.0,32448000.0
236,1279.0,1283.0,194.0,1283.5,1278.5,24092.0,0.0027876767444533854,1281.0,-515.0,265225.0,248514.0,51453650.0
237,1284.0,1288.0,68.0,1288.5,1283.5,24160.0,0.0009771238073341764,1286.0,-510.0,260100.0,87448.0,17686800.0
238,1289.0,1293.0,47.0,1293.5,1288.5,24207.0,0.0006753649844809748,1291.0,-505.0,255025.0,60677.0,11986175.0
239,1294.0,1298.0,136.0,1298.5,1293.5,24343.0,0.0019542476146683528,1296.0,-500.0,250000.0,176256.0,34000000.0
240,1299.0,1303.0,189.0,1303.5,1298.5,24532.0,0.002715829405678814,1301.0,-495.0,245025.0,245889.0,46309725.0
241,1304.0,1308.0,156.0,1308.5,1303.5,24688.0,0.00224163696976664,1306.0,-490.0,240100.0,203736.0,37455600.0
242,1309.0,1313.0,197.0,1313.5,1308.5,24885.0,0.0028307851477181287,1311.0,-485.0,235225.0,258267.0,46339325.0
243,1314.0,1318.0,105.0,1318.5,1313.5,24990.0,0.0015087941142660076,1316.0,-480.0,230400.0,138180.0,24192000.0
244,1319.0,1323.0,9.0,1323.5,1318.5,24999.0,0.00012932520979422923,1321.0,-475.0,225625.0,11889.0,2030625.0
245,1324.0,1328.0,162.0,1328.5,1323.5,25161.0,0.002327853776296126,1326.0,-470.0,220900.0,214812.0,35785800.0
246,1329.0,1333.0,86.0,1333.5,1328.5,25247.0,0.0012357742269226348,1331.0,-465.0,216225.0,114466.0,18595350.0
247,1334.0,1338.0,199.0,1338.5,1333.5,25446.0,0.002859524083227957,1336.0,-460.0,211600.0,265864.0,42108400.0
248,1339.0,1343.0,85.0,1343.5,1338.5,25531.0,0.0012214047591677204,1341.0,-455.0,207025.0,113985.0,17597125.0
249,1344.0,1348.0,192.0,1348.5,1343.5,25723.0,0.0027589378089435566,1346.0,-450.0,202500.0,258432.0,38880000.0
250,1349.0,1353.0,85.0,1353.5,1348.5,25808.0,0.0012214047591677204,1351.0,-445.0,198025.0,114835.0,16832125.0
251,1354.0,1358.0,77.0,1358.5,1353.5,25885.0,0.0011064490171284055,1356.0,-440.0,193600.0,104412.0,14907200.0
252,1359.0,1363.0,84.0,1363.5,1358.5,25969.0,0.0012070352914128062,1361.0,-435.0,189225.0,114324.0,15894900.0
253,1364.0,1368.0,106.0,1368.5,1363.5,26075.0,0.001523163582020922,1366.0,-430.0,184900.0,144796.0,19599400.0
254,1369.0,1373.0,81.0,1373.5,1368.5,26156.0,0.001163926888148063,1371.0,-425.0,180625.0,111051.0,14630625.0
255,1374.0,1378.0,86.0,1378.5,1373.5,26242.0,0.0012357742269226348,1376.0,-420.0,176400.0,118336.0,15170400.0
256,1379.0,1383.0,6.0,1383.5,1378.5,26248.0,8.621680652948614e-05,1381.0,-415.0,172225.0,8286.0,1033350.0
257,1384.0,1388.0,190.0,1388.5,1383.5,26438.0,0.002730198873433728,1386.0,-410.0,168100.0,263340.0,31939000.0
258,1389.0,1393.0,26.0,1393.5,1388.5,26464.0,0.0003736061616277733,1391.0,-405.0,164025.0,36166.0,4264650.0
259,1394.0,1398.0,157.0,1398.5,1393.5,26621.0,0.002256006437521554,1396.0,-400.0,160000.0,219172.0,25120000.0
260,1399.0,1403.0,21.0,1403.5,1398.5,26642.0,0.00030175882285320154,1401.0,-395.0,156025.0,29421.0,3276525.0
261,1404.0,1408.0,196.0,1408.5,1403.5,26838.0,0.0028164156799632143,1406.0,-390.0,152100.0,275576.0,29811600.0
262,1409.0,1413.0,187.0,1413.5,1408.5,27025.0,0.002687090470168985,1411.0,-385.0,148225.0,263857.0,27718075.0
263,1414.0,1418.0,200.0,1418.5,1413.5,27225.0,0.0028738935509828715,1416.0,-380.0,144400.0,283200.0,28880000.0
264,1419.0,1423.0,136.0,1423.5,1418.5,27361.0,0.0019542476146683528,1421.0,-375.0,140625.0,193256.0,19125000.0
265,1424.0,1428.0,165.0,1428.5,1423.5,27526.0,0.002370962179560869,1426.0,-370.0,136900.0,235290.0,22588500.0
266,1429.0,1433.0,172.0,1433.5,1428.5,27698.0,0.0024715484538452696,1431.0,-365.0,133225.0,246132.0,22914700.0
267,1434.0,1438.0,94.0,1438.5,1433.5,27792.0,0.0013507299689619497,1436.0,-360.0,129600.0,134984.0,12182400.0
268,1439.0,1443.0,61.0,1443.5,1438.5,27853.0,0.0008765375330497758,1441.0,-355.0,126025.0,87901.0,7687525.0
269,1444.0,1448.0,110.0,1448.5,1443.5,27963.0,0.0015806414530405795,1446.0,-350.0,122500.0,159060.0,13475000.0
270,1449.0,1453.0,36.0,1453.5,1448.5,27999.0,0.0005173008391769169,1451.0,-345.0,119025.0,52236.0,4284900.0
271,1454.0,1458.0,85.0,1458.5,1453.5,28084.0,0.0012214047591677204,1456.0,-340.0,115600.0,123760.0,9826000.0
272,1459.0,1463.0,40.0,1463.5,1458.5,28124.0,0.0005747787101965744,1461.0,-335.0,112225.0,58440.0,4489000.0
273,1464.0,1468.0,175.0,1468.5,1463.5,28299.0,0.002514656857110013,1466.0,-330.0,108900.0,256550.0,19057500.0
274,1469.0,1473.0,15.0,1473.5,1468.5,28314.0,0.00021554201632371537,1471.0,-325.0,105625.0,22065.0,1584375.0
275,1474.0,1478.0,175.0,1478.5,1473.5,28489.0,0.002514656857110013,1476.0,-320.0,102400.0,258300.0,17920000.0
276,1479.0,1483.0,130.0,1483.5,1478.5,28619.0,0.0018680308081388665,1481.0,-315.0,99225.0,192530.0,12899250.0
277,1484.0,1488.0,176.0,1488.5,1483.5,28795.0,0.002529026324864927,1486.0,-310.0,96100.0,261536.0,16913600.0
278,1489.0,1493.0,196.0,1493.5,1488.5,28991.0,0.0028164156799632143,1491.0,-305.0,93025.0,292236.0,18232900.0
279,1494.0,1498.0,33.0,1498.5,1493.5,29024.0,0.00047419243591217383,1496.0,-300.0,90000.0,49368.0,2970000.0
280,1499.0,1503.0,187.0,1503.5,1498.5,29211.0,0.002687090470168985,1501.0,-295.0,87025.0,280687.0,16273675.0
281,1504.0,1508.0,174.0,1508.5,1503.5,29385.0,0.0025002873893550984,1506.0,-290.0,84100.0,262044.0,14633400.0
282,1509.0,1513.0,111.0,1513.5,1508.5,29496.0,0.0015950109207954937,1511.0,-285.0,81225.0,167721.0,9015975.0
283,1514.0,1518.0,39.0,1518.5,1513.5,29535.0,0.00056040924244166,1516.0,-280.0,78400.0,59124.0,3057600.0
284,1519.0,1523.0,96.0,1523.5,1518.5,29631.0,0.0013794689044717783,1521.0,-275.0,75625.0,146016.0,7260000.0
285,1524.0,1528.0,107.0,1528.5,1523.5,29738.0,0.0015375330497758362,1526.0,-270.0,72900.0,163282.0,7800300.0
286,1529.0,1533.0,23.0,1533.5,1528.5,29761.0,0.0003304977583630302,1531.0,-265.0,70225.0,35213.0,1615175.0
287,1534.0,1538.0,3.0,1538.5,1533.5,29764.0,4.310840326474307e-05,1536.0,-260.0,67600.0,4608.0,202800.0
288,1539.0,1543.0,26.0,1543.5,1538.5,29790.0,0.0003736061616277733,1541.0,-255.0,65025.0,40066.0,1690650.0
289,1544.0,1548.0,59.0,1548.5,1543.5,29849.0,0.0008477985975399471,1546.0,-250.0,62500.0,91214.0,3687500.0
290,1549.0,1553.0,28.0,1553.5,1548.5,29877.0,0.000402345097137602,1551.0,-245.0,60025.0,43428.0,1680700.0
291,1554.0,1558.0,125.0,1558.5,1553.5,30002.0,0.0017961834693642949,1556.0,-240.0,57600.0,194500.0,7200000.0
292,1559.0,1563.0,71.0,1563.5,1558.5,30073.0,0.0010202322105989194,1561.0,-235.0,55225.0,110831.0,3920975.0
293,1564.0,1568.0,112.0,1568.5,1563.5,30185.0,0.001609380388550408,1566.0,-230.0,52900.0,175392.0,5924800.0
294,1569.0,1573.0,106.0,1573.5,1568.5,30291.0,0.001523163582020922,1571.0,-225.0,50625.0,166526.0,5366250.0
295,1574.0,1578.0,200.0,1578.5,1573.5,30491.0,0.0028738935509828715,1576.0,-220.0,48400.0,315200.0,9680000.0
296,1579.0,1583.0,71.0,1583.5,1578.5,30562.0,0.0010202322105989194,1581.0,-215.0,46225.0,112251.0,3281975.0
297,1584.0,1588.0,190.0,1588.5,1583.5,30752.0,0.002730198873433728,1586.0,-210.0,44100.0,301340.0,8379000.0
298,1589.0,1593.0,47.0,1593.5,1588.5,30799.0,0.0006753649844809748,1591.0,-205.0,42025.0,74777.0,1975175.0
299,1594.0,1598.0,8.0,1598.5,1593.5,30807.0,0.00011495574203931487,1596.0,-200.0,40000.0,12768.0,320000.0
300,1599.0,1603.0,30.0,1603.5,1598.5,30837.0,0.00043108403264743075,1601.0,-195.0,38025.0,48030.0,1140750.0
301,1604.0,1608.0,184.0,1608.5,1603.5,31021.0,0.0026439820669042417,1606.0,-190.0,36100.0,295504.0,6642400.0
302,1609.0,1613.0,146.0,1613.5,1608.5,31167.0,0.002097942292217496,1611.0,-185.0,34225.0,235206.0,4996850.0
303,1614.0,1618.0,13.0,1618.5,1613.5,31180.0,0.00018680308081388665,1616.0,-180.0,32400.0,21008.0,421200.0
304,1619.0,1623.0,57.0,1623.5,1618.5,31237.0,0.0008190596620301184,1621.0,-175.0,30625.0,92397.0,1745625.0
305,1624.0,1628.0,24.0,1628.5,1623.5,31261.0,0.0003448672261179446,1626.0,-170.0,28900.0,39024.0,693600.0
306,1629.0,1633.0,32.0,1633.5,1628.5,31293.0,0.00045982296815725947,1631.0,-165.0,27225.0,52192.0,871200.0
307,1634.0,1638.0,141.0,1638.5,1633.5,31434.0,0.0020260949534429244,1636.0,-160.0,25600.0,230676.0,3609600.0
308,1639.0,1643.0,24.0,1643.5,1638.5,31458.0,0.0003448672261179446,1641.0,-155.0,24025.0,39384.0,576600.0
309,1644.0,1648.0,101.0,1648.5,1643.5,31559.0,0.0014513162432463502,1646.0,-150.0,22500.0,166246.0,2272500.0
310,1649.0,1653.0,124.0,1653.5,1648.5,31683.0,0.0017818140016093804,1651.0,-145.0,21025.0,204724.0,2607100.0
311,1654.0,1658.0,156.0,1658.5,1653.5,31839.0,0.00224163696976664,1656.0,-140.0,19600.0,258336.0,3057600.0
312,1659.0,1663.0,101.0,1663.5,1658.5,31940.0,0.0014513162432463502,1661.0,-135.0,18225.0,167761.0,1840725.0
313,1664.0,1668.0,34.0,1668.5,1663.5,31974.0,0.0004885619036670882,1666.0,-130.0,16900.0,56644.0,574600.0
314,1669.0,1673.0,157.0,1673.5,1668.5,32131.0,0.002256006437521554,1671.0,-125.0,15625.0,262347.0,2453125.0
315,1674.0,1678.0,22.0,1678.5,1673.5,32153.0,0.00031612829060811585,1676.0,-120.0,14400.0,36872.0,316800.0
316,1679.0,1683.0,91.0,1683.5,1678.5,32244.0,0.0013076215656972067,1681.0,-115.0,13225.0,152971.0,1203475.0
317,1684.0,1688.0,50.0,1688.5,1683.5,32294.0,0.0007184733877457179,1686.0,-110.0,12100.0,84300.0,605000.0
318,1689.0,1693.0,139.0,1693.5,1688.5,32433.0,0.0019973560179330956,1691.0,-105.0,11025.0,235049.0,1532475.0
319,1694.0,1698.0,58.0,1698.5,1693.5,32491.0,0.0008334291297850328,1696.0,-100.0,10000.0,98368.0,580000.0
320,1699.0,1703.0,130.0,1703.5,1698.5,32621.0,0.0018680308081388665,1701.0,-95.0,9025.0,221130.0,1173250.0
321,1704.0,1708.0,190.0,1708.5,1703.5,32811.0,0.002730198873433728,1706.0,-90.0,8100.0,324140.0,1539000.0
322,1709.0,1713.0,172.0,1713.5,1708.5,32983.0,0.0024715484538452696,1711.0,-85.0,7225.0,294292.0,1242700.0
323,1714.0,1718.0,100.0,1718.5,1713.5,33083.0,0.0014369467754914358,1716.0,-80.0,6400.0,171600.0,640000.0
324,1719.0,1723.0,17.0,1723.5,1718.5,33100.0,0.0002442809518335441,1721.0,-75.0,5625.0,29257.0,95625.0
325,1724.0,1728.0,61.0,1728.5,1723.5,33161.0,0.0008765375330497758,1726.0,-70.0,4900.0,105286.0,298900.0
326,1729.0,1733.0,148.0,1733.5,1728.5,33309.0,0.002126681227727325,1731.0,-65.0,4225.0,256188.0,625300.0
327,1734.0,1738.0,100.0,1738.5,1733.5,33409.0,0.0014369467754914358,1736.0,-60.0,3600.0,173600.0,360000.0
328,1739.0,1743.0,105.0,1743.5,1738.5,33514.0,0.0015087941142660076,1741.0,-55.0,3025.0,182805.0,317625.0
329,1744.0,1748.0,198.0,1748.5,1743.5,33712.0,0.0028451546154730427,1746.0,-50.0,2500.0,345708.0,495000.0
330,1749.0,1753.0,121.0,1753.5,1748.5,33833.0,0.0017387055983446374,1751.0,-45.0,2025.0,211871.0,245025.0
331,1754.0,1758.0,140.0,1758.5,1753.5,33973.0,0.00201172548568801,1756.0,-40.0,1600.0,245840.0,224000.0
332,1759.0,1763.0,1.0,1763.5,1758.5,33974.0,1.4369467754914358e-05,1761.0,-35.0,1225.0,1761.0,1225.0
333,1764.0,1768.0,54.0,1768.5,1763.5,34028.0,0.0007759512587653753,1766.0,-30.0,900.0,95364.0,48600.0
334,1769.0,1773.0,40.0,1773.5,1768.5,34068.0,0.0005747787101965744,1771.0,-25.0,625.0,70840.0,25000.0
335,1774.0,1778.0,135.0,1778.5,1773.5,34203.0,0.0019398781469134384,1776.0,-20.0,400.0,239760.0,54000.0
336,1779.0,1783.0,126.0,1783.5,1778.5,34329.0,0.001810552937119209,1781.0,-15.0,225.0,224406.0,28350.0
337,1784.0,1788.0,81.0,1788.5,1783.5,34410.0,0.001163926888148063,1786.0,-10.0,100.0,144666.0,8100.0
338,1789.0,1793.0,55.0,1793.5,1788.5,34465.0,0.0007903207265202897,1791.0,-5.0,25.0,98505.0,1375.0
339,1794.0,1798.0,42.0,1798.5,1793.5,34507.0,0.0006035176457064031,1796.0,0.0,0.0,75432.0,0.0
340,1799.0,1803.0,102.0,1803.5,1798.5,34609.0,0.0014656857110012646,1801.0,5.0,25.0,183702.0,2550.0
341,1804.0,1808.0,64.0,1808.5,1803.5,34673.0,0.0009196459363145189,1806.0,10.0,100.0,115584.0,6400.0
342,1809.0,1813.0,59.0,1813.5,1808.5,34732.0,0.0008477985975399471,1811.0,15.0,225.0,106849.0,13275.0
343,1814.0,1818.0,115.0,1818.5,1813.5,34847.0,0.0016524887918151511,1816.0,20.0,400.0,208840.0,46000.0
344,1819.0,1823.0,27.0,1823.5,1818.5,34874.0,0.00038797562938268766,1821.0,25.0,625.0,49167.0,16875.0
345,1824.0,1828.0,63.0,1828.5,1823.5,34937.0,0.0009052764685596045,1826.0,30.0,900.0,115038.0,56700.0
346,1829.0,1833.0,110.0,1833.5,1828.5,35047.0,0.0015806414530405795,1831.0,35.0,1225.0,201410.0,134750.0
347,1834.0,1838.0,133.0,1838.5,1833.5,35180.0,0.0019111392114036095,1836.0,40.0,1600.0,244188.0,212800.0
348,1839.0,1843.0,142.0,1843.5,1838.5,35322.0,0.002040464421197839,1841.0,45.0,2025.0,261422.0,287550.0
349,1844.0,1848.0,95.0,1848.5,1843.5,35417.0,0.001365099436716864,1846.0,50.0,2500.0,175370.0,237500.0
350,1849.0,1853.0,89.0,1853.5,1848.5,35506.0,0.0012788826301873778,1851.0,55.0,3025.0,164739.0,269225.0
351,1854.0,1858.0,190.0,1858.5,1853.5,35696.0,0.002730198873433728,1856.0,60.0,3600.0,352640.0,684000.0
352,1859.0,1863.0,136.0,1863.5,1858.5,35832.0,0.0019542476146683528,1861.0,65.0,4225.0,253096.0,574600.0
353,1864.0,1868.0,145.0,1868.5,1863.5,35977.0,0.002083572824462582,1866.0,70.0,4900.0,270570.0,710500.0
354,1869.0,1873.0,38.0,1873.5,1868.5,36015.0,0.0005460397746867456,1871.0,75.0,5625.0,71098.0,213750.0
355,1874.0,1878.0,49.0,1878.5,1873.5,36064.0,0.0007041039199908036,1876.0,80.0,6400.0,91924.0,313600.0
356,1879.0,1883.0,81.0,1883.5,1878.5,36145.0,0.001163926888148063,1881.0,85.0,7225.0,152361.0,585225.0
357,1884.0,1888.0,161.0,1888.5,1883.5,36306.0,0.0023134843085412114,1886.0,90.0,8100.0,303646.0,1304100.0
358,1889.0,1893.0,91.0,1893.5,1888.5,36397.0,0.0013076215656972067,1891.0,95.0,9025.0,172081.0,821275.0
359,1894.0,1898.0,177.0,1898.5,1893.5,36574.0,0.0025433957926198412,1896.0,100.0,10000.0,335592.0,1770000.0
360,1899.0,1903.0,19.0,1903.5,1898.5,36593.0,0.0002730198873433728,1901.0,105.0,11025.0,36119.0,209475.0
361,1904.0,1908.0,90.0,1908.5,1903.5,36683.0,0.0012932520979422922,1906.0,110.0,12100.0,171540.0,1089000.0
362,1909.0,1913.0,90.0,1913.5,1908.5,36773.0,0.0012932520979422922,1911.0,115.0,13225.0,171990.0,1190250.0
363,1914.0,1918.0,200.0,1918.5,1913.5,36973.0,0.0028738935509828715,1916.0,120.0,14400.0,383200.0,2880000.0
364,1919.0,1923.0,38.0,1923.5,1918.5,37011.0,0.0005460397746867456,1921.0,125.0,15625.0,72998.0,593750.0
365,1924.0,1928.0,159.0,1928.5,1923.5,37170.0,0.002284745373031383,1926.0,130.0,16900.0,306234.0,2687100.0
366,1929.0,1933.0,47.0,1933.5,1928.5,37217.0,0.0006753649844809748,1931.0,135.0,18225.0,90757.0,856575.0
367,1934.0,1938.0,132.0,1938.5,1933.5,37349.0,0.0018967697436486953,1936.0,140.0,19600.0,255552.0,2587200.0
368,1939.0,1943.0,132.0,1943.5,1938.5,37481.0,0.0018967697436486953,1941.0,145.0,21025.0,256212.0,2775300.0
369,1944.0,1948.0,64.0,1948.5,1943.5,37545.0,0.0009196459363145189,1946.0,150.0,22500.0,124544.0,1440000.0
370,1949.0,1953.0,107.0,1953.5,1948.5,37652.0,0.0015375330497758362,1951.0,155.0,24025.0,208757.0,2570675.0
371,1954.0,1958.0,158.0,1958.5,1953.5,37810.0,0.0022703759052764686,1956.0,160.0,25600.0,309048.0,4044800.0
372,1959.0,1963.0,46.0,1963.5,1958.5,37856.0,0.0006609955167260604,1961.0,165.0,27225.0,90206.0,1252350.0
373,1964.0,1968.0,11.0,1968.5,1963.5,37867.0,0.00015806414530405793,1966.0,170.0,28900.0,21626.0,317900.0
374,1969.0,1973.0,6.0,1973.5,1968.5,37873.0,8.621680652948614e-05,1971.0,175.0,30625.0,11826.0,183750.0
375,1974.0,1978.0,116.0,1978.5,1973.5,37989.0,0.0016668582595700655,1976.0,180.0,32400.0,229216.0,3758400.0
376,1979.0,1983.0,176.0,1983.5,1978.5,38165.0,0.002529026324864927,1981.0,185.0,34225.0,348656.0,6023600.0
377,1984.0,1988.0,39.0,1988.5,1983.5,38204.0,0.00056040924244166,1986.0,190.0,36100.0,77454.0,1407900.0
378,1989.0,1993.0,188.0,1993.5,1988.5,38392.0,0.0027014599379238994,1991.0,195.0,38025.0,374308.0,7148700.0
379,1994.0,1998.0,145.0,1998.5,1993.5,38537.0,0.002083572824462582,1996.0,200.0,40000.0,289420.0,5800000.0
380,1999.0,2003.0,173.0,2003.5,1998.5,38710.0,0.002485917921600184,2001.0,205.0,42025.0,346173.0,7270325.0
381,2004.0,2008.0,88.0,2008.5,2003.5,38798.0,0.0012645131624324634,2006.0,210.0,44100.0,176528.0,3880800.0
382,2009.0,2013.0,28.0,2013.5,2008.5,38826.0,0.000402345097137602,2011.0,215.0,46225.0,56308.0,1294300.0
383,2014.0,2018.0,195.0,2018.5,2013.5,39021.0,0.0028020462122083,2016.0,220.0,48400.0,393120.0,9438000.0
384,2019.0,2023.0,197.0,2023.5,2018.5,39218.0,0.0028307851477181287,2021.0,225.0,50625.0,398137.0,9973125.0
385,2024.0,2028.0,130.0,2028.5,2023.5,39348.0,0.0018680308081388665,2026.0,230.0,52900.0,263380.0,6877000.0
386,2029.0,2033.0,170.0,2033.5,2028.5,39518.0,0.0024428095183354408,2031.0,235.0,55225.0,345270.0,9388250.0
387,2034.0,2038.0,48.0,2038.5,2033.5,39566.0,0.0006897344522358892,2036.0,240.0,57600.0,97728.0,2764800.0
388,2039.0,2043.0,115.0,2043.5,2038.5,39681.0,0.0016524887918151511,2041.0,245.0,60025.0,234715.0,6902875.0
389,2044.0,2048.0,146.0,2048.5,2043.5,39827.0,0.002097942292217496,2046.0,250.0,62500.0,298716.0,9125000.0
390,2049.0,2053.0,146.0,2053.5,2048.5,39973.0,0.002097942292217496,2051.0,255.0,65025.0,299446.0,9493650.0
391,2054.0,2058.0,47.0,2058.5,2053.5,40020.0,0.0006753649844809748,2056.0,260.0,67600.0,96632.0,3177200.0
392,2059.0,2063.0,198.0,2063.5,2058.5,40218.0,0.0028451546154730427,2061.0,265.0,70225.0,408078.0,13904550.0
393,2064.0,2068.0,80.0,2068.5,2063.5,40298.0,0.0011495574203931487,2066.0,270.0,72900.0,165280.0,5832000.0
394,2069.0,2073.0,144.0,2073.5,2068.5,40442.0,0.0020692033567076677,2071.0,275.0,75625.0,298224.0,10890000.0
395,2074.0,2078.0,139.0,2078.5,2073.5,40581.0,0.0019973560179330956,2076.0,280.0,78400.0,288564.0,10897600.0
396,2079.0,2083.0,164.0,2083.5,2078.5,40745.0,0.0023565927118059547,2081.0,285.0,81225.0,341284.0,13320900.0
397,2084.0,2088.0,171.0,2088.5,2083.5,40916.0,0.002457178986090355,2086.0,290.0,84100.0,356706.0,14381100.0
398,2089.0,2093.0,75.0,2093.5,2088.5,40991.0,0.0010777100816185769,2091.0,295.0,87025.0,156825.0,6526875.0
399,2094.0,2098.0,23.0,2098.5,2093.5,41014.0,0.0003304977583630302,2096.0,300.0,90000.0,48208.0,2070000.0
400,2099.0,2103.0,183.0,2103.5,2098.5,41197.0,0.0026296125991493273,2101.0,305.0,93025.0,384483.0,17023575.0
401,2104.0,2108.0,60.0,2108.5,2103.5,41257.0,0.0008621680652948615,2106.0,310.0,96100.0,126360.0,5766000.0
402,2109.0,2113.0,31.0,2113.5,2108.5,41288.0,0.0004454535004023451,2111.0,315.0,99225.0,65441.0,3075975.0
403,2114.0,2118.0,94.0,2118.5,2113.5,41382.0,0.0013507299689619497,2116.0,320.0,102400.0,198904.0,9625600.0
404,2119.0,2123.0,14.0,2123.5,2118.5,41396.0,0.000201172548568801,2121.0,325.0,105625.0,29694.0,1478750.0
405,2124.0,2128.0,29.0,2128.5,2123.5,41425.0,0.0004167145648925164,2126.0,330.0,108900.0,61654.0,3158100.0
406,2129.0,2133.0,75.0,2133.5,2128.5,41500.0,0.0010777100816185769,2131.0,335.0,112225.0,159825.0,8416875.0
407,2134.0,2138.0,183.0,2138.5,2133.5,41683.0,0.0026296125991493273,2136.0,340.0,115600.0,390888.0,21154800.0
408,2139.0,2143.0,179.0,2143.5,2138.5,41862.0,0.00257213472812967,2141.0,345.0,119025.0,383239.0,21305475.0
409,2144.0,2148.0,104.0,2148.5,2143.5,41966.0,0.0014944246465110932,2146.0,350.0,122500.0,223184.0,12740000.0
410,2149.0,2153.0,41.0,2153.5,2148.5,42007.0,0.0005891481779514887,2151.0,355.0,126025.0,88191.0,5167025.0
411,2154.0,2158.0,136.0,2158.5,2153.5,42143.0,0.0019542476146683528,2156.0,360.0,129600.0,293216.0,17625600.0
412,2159.0,2163.0,137.0,2163.5,2158.5,42280.0,0.001968617082423267,2161.0,365.0,133225.0,296057.0,18251825.0
413,2164.0,2168.0,59.0,2168.5,2163.5,42339.0,0.0008477985975399471,2166.0,370.0,136900.0,127794.0,8077100.0
414,2169.0,2173.0,198.0,2173.5,2168.5,42537.0,0.0028451546154730427,2171.0,375.0,140625.0,429858.0,27843750.0
415,2174.0,2178.0,164.0,2178.5,2173.5,42701.0,0.0023565927118059547,2176.0,380.0,144400.0,356864.0,23681600.0
416,2179.0,2183.0,175.0,2183.5,2178.5,42876.0,0.002514656857110013,2181.0,385.0,148225.0,381675.0,25939375.0
417,2184.0,2188.0,178.0,2188.5,2183.5,43054.0,0.0025577652603747556,2186.0,390.0,152100.0,389108.0,27073800.0
418,2189.0,2193.0,89.0,2193.5,2188.5,43143.0,0.0012788826301873778,2191.0,395.0,156025.0,194999.0,13886225.0
419,2194.0,2198.0,69.0,2198.5,2193.5,43212.0,0.0009914932750890908,2196.0,400.0,160000.0,151524.0,11040000.0
420,2199.0,2203.0,133.0,2203.5,2198.5,43345.0,0.0019111392114036095,2201.0,405.0,164025.0,292733.0,21815325.0
421,2204.0,2208.0,32.0,2208.5,2203.5,43377.0,0.00045982296815725947,2206.0,410.0,168100.0,70592.0,5379200.0
422,2209.0,2213.0,194.0,2213.5,2208.5,43571.0,0.0027876767444533854,2211.0,415.0,172225.0,428934.0,33411650.0
423,2214.0,2218.0,9.0,2218.5,2213.5,43580.0,0.00012932520979422923,2216.0,420.0,176400.0,19944.0,1587600.0
424,2219.0,2223.0,21.0,2223.5,2218.5,43601.0,0.00030175882285320154,2221.0,425.0,180625.0,46641.0,3793125.0
425,2224.0,2228.0,29.0,2228.5,2223.5,43630.0,0.0004167145648925164,2226.0,430.0,184900.0,64554.0,5362100.0
426,2229.0,2233.0,78.0,2233.5,2228.5,43708.0,0.00112081848488332,2231.0,435.0,189225.0,174018.0,14759550.0
427,2234.0,2238.0,86.0,2238.5,2233.5,43794.0,0.0012357742269226348,2236.0,440.0,193600.0,192296.0,16649600.0
428,2239.0,2243.0,115.0,2243.5,2238.5,43909.0,0.0016524887918151511,2241.0,445.0,198025.0,257715.0,22772875.0
429,2244.0,2248.0,68.0,2248.5,2243.5,43977.0,0.0009771238073341764,2246.0,450.0,202500.0,152728.0,13770000.0
430,2249.0,2253.0,7.0,2253.5,2248.5,43984.0,0.0001005862742844005,2251.0,455.0,207025.0,15757.0,1449175.0
431,2254.0,2258.0,101.0,2258.5,2253.5,44085.0,0.0014513162432463502,2256.0,460.0,211600.0,227856.0,21371600.0
432,2259.0,2263.0,32.0,2263.5,2258.5,44117.0,0.00045982296815725947,2261.0,465.0,216225.0,72352.0,6919200.0
433,2264.0,2268.0,159.0,2268.5,2263.5,44276.0,0.002284745373031383,2266.0,470.0,220900.0,360294.0,35123100.0
434,2269.0,2273.0,4.0,2273.5,2268.5,44280.0,5.7477871019657434e-05,2271.0,475.0,225625.0,9084.0,902500.0
435,2274.0,2278.0,70.0,2278.5,2273.5,44350.0,0.001005862742844005,2276.0,480.0,230400.0,159320.0,16128000.0
436,2279.0,2283.0,84.0,2283.5,2278.5,44434.0,0.0012070352914128062,2281.0,485.0,235225.0,191604.0,19758900.0
437,2284.0,2288.0,79.0,2288.5,2283.5,44513.0,0.0011351879526382343,2286.0,490.0,240100.0,180594.0,18967900.0
438,2289.0,2293.0,6.0,2293.5,2288.5,44519.0,8.621680652948614e-05,2291.0,495.0,245025.0,13746.0,1470150.0
439,2294.0,2298.0,181.0,2298.5,2293.5,44700.0,0.002600873663639499,2296.0,500.0,250000.0,415576.0,45250000.0
440,2299.0,2303.0,45.0,2303.5,2298.5,44745.0,0.0006466260489711461,2301.0,505.0,255025.0,103545.0,11476125.0
441,2304.0,2308.0,180.0,2308.5,2303.5,44925.0,0.0025865041958845845,2306.0,510.0,260100.0,415080.0,46818000.0
442,2309.0,2313.0,99.0,2313.5,2308.5,45024.0,0.0014225773077365213,2311.0,515.0,265225.0,228789.0,26257275.0
443,2314.0,2318.0,11.0,2318.5,2313.5,45035.0,0.00015806414530405793,2316.0,520.0,270400.0,25476.0,2974400.0
444,2319.0,2323.0,107.0,2323.5,2318.5,45142.0,0.0015375330497758362,2321.0,525.0,275625.0,248347.0,29491875.0
445,2324.0,2328.0,165.0,2328.5,2323.5,45307.0,0.002370962179560869,2326.0,530.0,280900.0,383790.0,46348500.0
446,2329.0,2333.0,71.0,2333.5,2328.5,45378.0,0.0010202322105989194,2331.0,535.0,286225.0,165501.0,20321975.0
447,2334.0,2338.0,147.0,2338.5,2333.5,45525.0,0.0021123117599724105,2336.0,540.0,291600.0,343392.0,42865200.0
448,2339.0,2343.0,148.0,2343.5,2338.5,45673.0,0.002126681227727325,2341.0,545.0,297025.0,346468.0,43959700.0
449,2344.0,2348.0,176.0,2348.5,2343.5,45849.0,0.002529026324864927,2346.0,550.0,302500.0,412896.0,53240000.0
450,2349.0,2353.0,75.0,2353.5,2348.5,45924.0,0.0010777100816185769,2351.0,555.0,308025.0,176325.0,23101875.0
451,2354.0,2358.0,68.0,2358.5,2353.5,45992.0,0.0009771238073341764,2356.0,560.0,313600.0,160208.0,21324800.0
452,2359.0,2363.0,97.0,2363.5,2358.5,46089.0,0.0013938383722266927,2361.0,565.0,319225.0,229017.0,30964825.0
453,2364.0,2368.0,169.0,2368.5,2363.5,46258.0,0.0024284400505805263,2366.0,570.0,324900.0,399854.0,54908100.0
454,2369.0,2373.0,165.0,2373.5,2368.5,46423.0,0.002370962179560869,2371.0,575.0,330625.0,391215.0,54553125.0
455,2374.0,2378.0,83.0,2378.5,2373.5,46506.0,0.0011926658236578918,2376.0,580.0,336400.0,197208.0,27921200.0
456,2379.0,2383.0,171.0,2383.5,2378.5,46677.0,0.002457178986090355,2381.0,585.0,342225.0,407151.0,58520475.0
457,2384.0,2388.0,151.0,2388.5,2383.5,46828.0,0.002169789630992068,2386.0,590.0,348100.0,360286.0,52563100.0
458,2389.0,2393.0,11.0,2393.5,2388.5,46839.0,0.00015806414530405793,2391.0,595.0,354025.0,26301.0,3894275.0
459,2394.0,2398.0,68.0,2398.5,2393.5,46907.0,0.0009771238073341764,2396.0,600.0,360000.0,162928.0,24480000.0
460,2399.0,2403.0,38.0,2403.5,2398.5,46945.0,0.0005460397746867456,2401.0,605.0,366025.0,91238.0,13908950.0
461,2404.0,2408.0,150.0,2408.5,2403.5,47095.0,0.0021554201632371537,2406.0,610.0,372100.0,360900.0,55815000.0
462,2409.0,2413.0,136.0,2413.5,2408.5,47231.0,0.0019542476146683528,2411.0,615.0,378225.0,327896.0,51438600.0
463,2414.0,2418.0,62.0,2418.5,2413.5,47293.0,0.0008909070008046902,2416.0,620.0,384400.0,149792.0,23832800.0
464,2419.0,2423.0,138.0,2423.5,2418.5,47431.0,0.0019829865501781816,2421.0,625.0,390625.0,334098.0,53906250.0
465,2424.0,2428.0,137.0,2428.5,2423.5,47568.0,0.001968617082423267,2426.0,630.0,396900.0,332362.0,54375300.0
466,2429.0,2433.0,173.0,2433.5,2428.5,47741.0,0.002485917921600184,2431.0,635.0,403225.0,420563.0,69757925.0
467,2434.0,2438.0,31.0,2438.5,2433.5,47772.0,0.0004454535004023451,2436.0,640.0,409600.0,75516.0,12697600.0
468,2439.0,2443.0,148.0,2443.5,2438.5,47920.0,0.002126681227727325,2441.0,645.0,416025.0,361268.0,61571700.0
469,2444.0,2448.0,193.0,2448.5,2443.5,48113.0,0.002773307276698471,2446.0,650.0,422500.0,472078.0,81542500.0
470,2449.0,2453.0,152.0,2453.5,2448.5,48265.0,0.0021841590987469826,2451.0,655.0,429025.0,372552.0,65211800.0
471,2454.0,2458.0,92.0,2458.5,2453.5,48357.0,0.0013219910334521209,2456.0,660.0,435600.0,225952.0,40075200.0
472,2459.0,2463.0,66.0,2463.5,2458.5,48423.0,0.0009483848718243477,2461.0,665.0,442225.0,162426.0,29186850.0
473,2464.0,2468.0,2.0,2468.5,2463.5,48425.0,2.8738935509828717e-05,2466.0,670.0,448900.0,4932.0,897800.0
474,2469.0,2473.0,120.0,2473.5,2468.5,48545.0,0.001724336130589723,2471.0,675.0,455625.0,296520.0,54675000.0
475,2474.0,2478.0,83.0,2478.5,2473.5,48628.0,0.0011926658236578918,2476.0,680.0,462400.0,205508.0,38379200.0
476,2479.0,2483.0,41.0,2483.5,2478.5,48669.0,0.0005891481779514887,2481.0,685.0,469225.0,101721.0,19238225.0
477,2484.0,2488.0,145.0,2488.5,2483.5,48814.0,0.002083572824462582,2486.0,690.0,476100.0,360470.0,69034500.0
478,2489.0,2493.0,120.0,2493.5,2488.5,48934.0,0.001724336130589723,2491.0,695.0,483025.0,298920.0,57963000.0
479,2494.0,2498.0,175.0,2498.5,2493.5,49109.0,0.002514656857110013,2496.0,700.0,490000.0,436800.0,85750000.0
480,2499.0,2503.0,50.0,2503.5,2498.5,49159.0,0.0007184733877457179,2501.0,705.0,497025.0,125050.0,24851250.0
481,2504.0,2508.0,187.0,2508.5,2503.5,49346.0,0.002687090470168985,2506.0,710.0,504100.0,468622.0,94266700.0
482,2509.0,2513.0,93.0,2513.5,2508.5,49439.0,0.0013363605012070353,2511.0,715.0,511225.0,233523.0,47543925.0
483,2514.0,2518.0,152.0,2518.5,2513.5,49591.0,0.0021841590987469826,2516.0,720.0,518400.0,382432.0,78796800.0
484,2519.0,2523.0,69.0,2523.5,2518.5,49660.0,0.0009914932750890908,2521.0,725.0,525625.0,173949.0,36268125.0
485,2524.0,2528.0,163.0,2528.5,2523.5,49823.0,0.0023422232440510403,2526.0,730.0,532900.0,411738.0,86862700.0
486,2529.0,2533.0,195.0,2533.5,2528.5,50018.0,0.0028020462122083,2531.0,735.0,540225.0,493545.0,105343875.0
487,2534.0,2538.0,133.0,2538.5,2533.5,50151.0,0.0019111392114036095,2536.0,740.0,547600.0,337288.0,72830800.0
488,2539.0,2543.0,6.0,2543.5,2538.5,50157.0,8.621680652948614e-05,2541.0,745.0,555025.0,15246.0,3330150.0
489,2544.0,2548.0,188.0,2548.5,2543.5,50345.0,0.0027014599379238994,2546.0,750.0,562500.0,478648.0,105750000.0
490,2549.0,2553.0,68.0,2553.5,2548.5,50413.0,0.0009771238073341764,2551.0,755.0,570025.0,173468.0,38761700.0
491,2554.0,2558.0,70.0,2558.5,2553.5,50483.0,0.001005862742844005,2556.0,760.0,577600.0,178920.0,40432000.0
492,2559.0,2563.0,100.0,2563.5,2558.5,50583.0,0.0014369467754914358,2561.0,765.0,585225.0,256100.0,58522500.0
493,2564.0,2568.0,165.0,2568.5,2563.5,50748.0,0.002370962179560869,2566.0,770.0,592900.0,423390.0,97828500.0
494,2569.0,2573.0,56.0,2573.5,2568.5,50804.0,0.000804690194275204,2571.0,775.0,600625.0,143976.0,33635000.0
495,2574.0,2578.0,170.0,2578.5,2573.5,50974.0,0.0024428095183354408,2576.0,780.0,608400.0,437920.0,103428000.0
496,2579.0,2583.0,115.0,2583.5,2578.5,51089.0,0.0016524887918151511,2581.0,785.0,616225.0,296815.0,70865875.0
497,2584.0,2588.0,8.0,2588.5,2583.5,51097.0,0.00011495574203931487,2586.0,790.0,624100.0,20688.0,4992800.0
498,2589.0,2593.0,100.0,2593.5,2588.5,51197.0,0.0014369467754914358,2591.0,795.0,632025.0,259100.0,63202500.0
499,2594.0,2598.0,182.0,2598.5,2593.5,51379.0,0.0026152431313944133,2596.0,800.0,640000.0,472472.0,116480000.0
500,2599.0,2603.0,112.0,2603.5,2598.5,51491.0,0.001609380388550408,2601.0,805.0,648025.0,291312.0,72578800.0
501,2604.0,2608.0,157.0,2608.5,2603.5,51648.0,0.002256006437521554,2606.0,810.0,656100.0,409142.0,103007700.0
502,2609.0,2613.0,197.0,2613.5,2608.5,51845.0,0.0028307851477181287,2611.0,815.0,664225.0,514367.0,130852325.0
503,2614.0,2618.0,74.0,2618.5,2613.5,51919.0,0.0010633406138636625,2616.0,820.0,672400.0,193584.0,49757600.0
504,2619.0,2623.0,140.0,2623.5,2618.5,52059.0,0.00201172548568801,2621.0,825.0,680625.0,366940.0,95287500.0
505,2624.0,2628.0,157.0,2628.5,2623.5,52216.0,0.002256006437521554,2626.0,830.0,688900.0,412282.0,108157300.0
506,2629.0,2633.0,147.0,2633.5,2628.5,52363.0,0.0021123117599724105,2631.0,835.0,697225.0,386757.0,102492075.0
507,2634.0,2638.0,142.0,2638.5,2633.5,52505.0,0.002040464421197839,2636.0,840.0,705600.0,374312.0,100195200.0
508,2639.0,2643.0,158.0,2643.5,2638.5,52663.0,0.0022703759052764686,2641.0,845.0,714025.0,417278.0,112815950.0
509,2644.0,2648.0,29.0,2648.5,2643.5,52692.0,0.0004167145648925164,2646.0,850.0,722500.0,76734.0,20952500.0
510,2649.0,2653.0,111.0,2653.5,2648.5,52803.0,0.0015950109207954937,2651.0,855.0,731025.0,294261.0,81143775.0
511,2654.0,2658.0,142.0,2658.5,2653.5,52945.0,0.002040464421197839,2656.0,860.0,739600.0,377152.0,105023200.0
512,2659.0,2663.0,164.0,2663.5,2658.5,53109.0,0.0023565927118059547,2661.0,865.0,748225.0,436404.0,122708900.0
513,2664.0,2668.0,100.0,2668.5,2663.5,53209.0,0.0014369467754914358,2666.0,870.0,756900.0,266600.0,75690000.0
514,2669.0,2673.0,35.0,2673.5,2668.5,53244.0,0.0005029313714220025,2671.0,875.0,765625.0,93485.0,26796875.0
515,2674.0,2678.0,2.0,2678.5,2673.5,53246.0,2.8738935509828717e-05,2676.0,880.0,774400.0,5352.0,1548800.0
516,2679.0,2683.0,1.0,2683.5,2678.5,53247.0,1.4369467754914358e-05,2681.0,885.0,783225.0,2681.0,783225.0
517,2684.0,2688.0,48.0,2688.5,2683.5,53295.0,0.0006897344522358892,2686.0,890.0,792100.0,128928.0,38020800.0
518,2689.0,2693.0,64.0,2693.5,2688.5,53359.0,0.0009196459363145189,2691.0,895.0,801025.0,172224.0,51265600.0
519,2694.0,2698.0,191.0,2698.5,2693.5,53550.0,0.002744568341188642,2696.0,900.0,810000.0,514936.0,154710000.0
520,2699.0,2703.0,177.0,2703.5,2698.5,53727.0,0.0025433957926198412,2701.0,905.0,819025.0,478077.0,144967425.0
521,2704.0,2708.0,128.0,2708.5,2703.5,53855.0,0.0018392918726290379,2706.0,910.0,828100.0,346368.0,105996800.0
522,2709.0,2713.0,151.0,2713.5,2708.5,54006.0,0.002169789630992068,2711.0,915.0,837225.0,409361.0,126420975.0
523,2714.0,2718.0,185.0,2718.5,2713.5,54191.0,0.002658351534659156,2716.0,920.0,846400.0,502460.0,156584000.0
524,2719.0,2723.0,11.0,2723.5,2718.5,54202.0,0.00015806414530405793,2721.0,925.0,855625.0,29931.0,9411875.0
525,2724.0,2728.0,146.0,2728.5,2723.5,54348.0,0.002097942292217496,2726.0,930.0,864900.0,397996.0,126275400.0
526,2729.0,2733.0,117.0,2733.5,2728.5,54465.0,0.00168122772732498,2731.0,935.0,874225.0,319527.0,102284325.0
527,2734.0,2738.0,30.0,2738.5,2733.5,54495.0,0.00043108403264743075,2736.0,940.0,883600.0,82080.0,26508000.0
528,2739.0,2743.0,194.0,2743.5,2738.5,54689.0,0.0027876767444533854,2741.0,945.0,893025.0,531754.0,173246850.0
529,2744.0,2748.0,58.0,2748.5,2743.5,54747.0,0.0008334291297850328,2746.0,950.0,902500.0,159268.0,52345000.0
530,2749.0,2753.0,45.0,2753.5,2748.5,54792.0,0.0006466260489711461,2751.0,955.0,912025.0,123795.0,41041125.0
531,2754.0,2758.0,161.0,2758.5,2753.5,54953.0,0.0023134843085412114,2756.0,960.0,921600.0,443716.0,148377600.0
532,2759.0,2763.0,24.0,2763.5,2758.5,54977.0,0.0003448672261179446,2761.0,965.0,931225.0,66264.0,22349400.0
533,2764.0,2768.0,129.0,2768.5,2763.5,55106.0,0.001853661340383952,2766.0,970.0,940900.0,356814.0,121376100.0
534,2769.0,2773.0,8.0,2773.5,2768.5,55114.0,0.00011495574203931487,2771.0,975.0,950625.0,22168.0,7605000.0
535,2774.0,2778.0,64.0,2778.5,2773.5,55178.0,0.0009196459363145189,2776.0,980.0,960400.0,177664.0,61465600.0
536,2779.0,2783.0,73.0,2783.5,2778.5,55251.0,0.001048971146108748,2781.0,985.0,970225.0,203013.0,70826425.0
537,2784.0,2788.0,181.0,2788.5,2783.5,55432.0,0.002600873663639499,2786.0,990.0,980100.0,504266.0,177398100.0
538,2789.0,2793.0,12.0,2793.5,2788.5,55444.0,0.0001724336130589723,2791.0,995.0,990025.0,33492.0,11880300.0
539,2794.0,2798.0,181.0,2798.5,2793.5,55625.0,0.002600873663639499,2796.0,1000.0,1000000.0,506076.0,181000000.0
540,2799.0,2803.0,101.0,2803.5,2798.5,55726.0,0.0014513162432463502,2801.0,1005.0,1010025.0,282901.0,102012525.0
541,2804.0,2808.0,133.0,2808.5,2803.5,55859.0,0.0019111392114036095,2806.0,1010.0,1020100.0,373198.0,135673300.0
542,2809.0,2813.0,14.0,2813.5,2808.5,55873.0,0.000201172548568801,2811.0,1015.0,1030225.0,39354.0,14423150.0
543,2814.0,2818.0,114.0,2818.5,2813.5,55987.0,0.0016381193240602367,2816.0,1020.0,1040400.0,321024.0,118605600.0
544,2819.0,2823.0,173.0,2823.5,2818.5,56160.0,0.002485917921600184,2821.0,1025.0,1050625.0,488033.0,181758125.0
545,2824.0,2828.0,130.0,2828.5,2823.5,56290.0,0.0018680308081388665,2826.0,1030.0,1060900.0,367380.0,137917000.0
546,2829.0,2833.0,200.0,2833.5,2828.5,56490.0,0.0028738935509828715,2831.0,1035.0,1071225.0,566200.0,214245000.0
547,2834.0,2838.0,197.0,2838.5,2833.5,56687.0,0.0028307851477181287,2836.0,1040.0,1081600.0,558692.0,213075200.0
548,2839.0,2843.0,15.0,2843.5,2838.5,56702.0,0.00021554201632371537,2841.0,1045.0,1092025.0,42615.0,16380375.0
549,2844.0,2848.0,57.0,2848.5,2843.5,56759.0,0.0008190596620301184,2846.0,1050.0,1102500.0,162222.0,62842500.0
550,2849.0,2853.0,127.0,2853.5,2848.5,56886.0,0.0018249224048741235,2851.0,1055.0,1113025.0,362077.0,141354175.0
551,2854.0,2858.0,142.0,2858.5,2853.5,57028.0,0.002040464421197839,2856.0,1060.0,1123600.0,405552.0,159551200.0
552,2859.0,2863.0,62.0,2863.5,2858.5,57090.0,0.0008909070008046902,2861.0,1065.0,1134225.0,177382.0,70321950.0
553,2864.0,2868.0,126.0,2868.5,2863.5,57216.0,0.001810552937119209,2866.0,1070.0,1144900.0,361116.0,144257400.0
554,2869.0,2873.0,89.0,2873.5,2868.5,57305.0,0.0012788826301873778,2871.0,1075.0,1155625.0,255519.0,102850625.0
555,2874.0,2878.0,65.0,2878.5,2873.5,57370.0,0.0009340154040694332,2876.0,1080.0,1166400.0,186940.0,75816000.0
556,2879.0,2883.0,73.0,2883.5,2878.5,57443.0,0.001048971146108748,2881.0,1085.0,1177225.0,210313.0,85937425.0
557,2884.0,2888.0,155.0,2888.5,2883.5,57598.0,0.0022272675020117254,2886.0,1090.0,1188100.0,447330.0,184155500.0
558,2889.0,2893.0,108.0,2893.5,2888.5,57706.0,0.0015519025175307506,2891.0,1095.0,1199025.0,312228.0,129494700.0
559,2894.0,2898.0,146.0,2898.5,2893.5,57852.0,0.002097942292217496,2896.0,1100.0,1210000.0,422816.0,176660000.0
560,2899.0,2903.0,189.0,2903.5,2898.5,58041.0,0.002715829405678814,2901.0,1105.0,1221025.0,548289.0,230773725.0
561,2904.0,2908.0,195.0,2908.5,2903.5,58236.0,0.0028020462122083,2906.0,1110.0,1232100.0,566670.0,240259500.0
562,2909.0,2913.0,35.0,2913.5,2908.5,58271.0,0.0005029313714220025,2911.0,1115.0,1243225.0,101885.0,43512875.0
563,2914.0,2918.0,196.0,2918.5,2913.5,58467.0,0.0028164156799632143,2916.0,1120.0,1254400.0,571536.0,245862400.0
564,2919.0,2923.0,108.0,2923.5,2918.5,58575.0,0.0015519025175307506,2921.0,1125.0,1265625.0,315468.0,136687500.0
565,2924.0,2928.0,47.0,2928.5,2923.5,58622.0,0.0006753649844809748,2926.0,1130.0,1276900.0,137522.0,60014300.0
566,2929.0,2933.0,154.0,2933.5,2928.5,58776.0,0.002212898034256811,2931.0,1135.0,1288225.0,451374.0,198386650.0
567,2934.0,2938.0,84.0,2938.5,2933.5,58860.0,0.0012070352914128062,2936.0,1140.0,1299600.0,246624.0,109166400.0
568,2939.0,2943.0,127.0,2943.5,2938.5,58987.0,0.0018249224048741235,2941.0,1145.0,1311025.0,373507.0,166500175.0
569,2944.0,2948.0,80.0,2948.5,2943.5,59067.0,0.0011495574203931487,2946.0,1150.0,1322500.0,235680.0,105800000.0
570,2949.0,2953.0,157.0,2953.5,2948.5,59224.0,0.002256006437521554,2951.0,1155.0,1334025.0,463307.0,209441925.0
571,2954.0,2958.0,48.0,2958.5,2953.5,59272.0,0.0006897344522358892,2956.0,1160.0,1345600.0,141888.0,64588800.0
572,2959.0,2963.0,48.0,2963.5,2958.5,59320.0,0.0006897344522358892,2961.0,1165.0,1357225.0,142128.0,65146800.0
573,2964.0,2968.0,150.0,2968.5,2963.5,59470.0,0.0021554201632371537,2966.0,1170.0,1368900.0,444900.0,205335000.0
574,2969.0,2973.0,168.0,2973.5,2968.5,59638.0,0.0024140705828256124,2971.0,1175.0,1380625.0,499128.0,231945000.0
575,2974.0,2978.0,155.0,2978.5,2973.5,59793.0,0.0022272675020117254,2976.0,1180.0,1392400.0,461280.0,215822000.0
576,2979.0,2983.0,143.0,2983.5,2978.5,59936.0,0.0020548338889527533,2981.0,1185.0,1404225.0,426283.0,200804175.0
577,2984.0,2988.0,189.0,2988.5,2983.5,60125.0,0.002715829405678814,2986.0,1190.0,1416100.0,564354.0,267642900.0
578,2989.0,2993.0,177.0,2993.5,2988.5,60302.0,0.0025433957926198412,2991.0,1195.0,1428025.0,529407.0,252760425.0
579,2994.0,2998.0,82.0,2998.5,2993.5,60384.0,0.0011782963559029773,2996.0,1200.0,1440000.0,245672.0,118080000.0
580,2999.0,3003.0,11.0,3003.5,2998.5,60395.0,0.00015806414530405793,3001.0,1205.0,1452025.0,33011.0,15972275.0
581,3004.0,3008.0,31.0,3008.5,3003.5,60426.0,0.0004454535004023451,3006.0,1210.0,1464100.0,93186.0,45387100.0
582,3009.0,3013.0,28.0,3013.5,3008.5,60454.0,0.000402345097137602,3011.0,1215.0,1476225.0,84308.0,41334300.0
583,3014.0,3018.0,23.0,3018.5,3013.5,60477.0,0.0003304977583630302,3016.0,1220.0,1488400.0,69368.0,34233200.0
584,3019.0,3023.0,42.0,3023.5,3018.5,60519.0,0.0006035176457064031,3021.0,1225.0,1500625.0,126882.0,63026250.0
585,3024.0,3028.0,13.0,3028.5,3023.5,60532.0,0.00018680308081388665,3026.0,1230.0,1512900.0,39338.0,19667700.0
586,3029.0,3033.0,27.0,3033.5,3028.5,60559.0,0.00038797562938268766,3031.0,1235.0,1525225.0,81837.0,41181075.0
587,3034.0,3038.0,36.0,3038.5,3033.5,60595.0,0.0005173008391769169,3036.0,1240.0,1537600.0,109296.0,55353600.0
588,3039.0,3043.0,159.0,3043.5,3038.5,60754.0,0.002284745373031383,3041.0,1245.0,1550025.0,483519.0,246453975.0
589,3044.0,3048.0,8.0,3048.5,3043.5,60762.0,0.00011495574203931487,3046.0,1250.0,1562500.0,24368.0,12500000.0
590,3049.0,3053.0,21.0,3053.5,3048.5,60783.0,0.00030175882285320154,3051.0,1255.0,1575025.0,64071.0,33075525.0
591,3054.0,3058.0,55.0,3058.5,3053.5,60838.0,0.0007903207265202897,3056.0,1260.0,1587600.0,168080.0,87318000.0
592,3059.0,3063.0,139.0,3063.5,3058.5,60977.0,0.0019973560179330956,3061.0,1265.0,1600225.0,425479.0,222431275.0
593,3064.0,3068.0,181.0,3068.5,3063.5,61158.0,0.002600873663639499,3066.0,1270.0,1612900.0,554946.0,291934900.0
594,3069.0,3073.0,84.0,3073.5,3068.5,61242.0,0.0012070352914128062,3071.0,1275.0,1625625.0,257964.0,136552500.0
595,3074.0,3078.0,135.0,3078.5,3073.5,61377.0,0.0019398781469134384,3076.0,1280.0,1638400.0,415260.0,221184000.0
596,3079.0,3083.0,80.0,3083.5,3078.5,61457.0,0.0011495574203931487,3081.0,1285.0,1651225.0,246480.0,132098000.0
597,3084.0,3088.0,93.0,3088.5,3083.5,61550.0,0.0013363605012070353,3086.0,1290.0,1664100.0,286998.0,154761300.0
598,3089.0,3093.0,193.0,3093.5,3088.5,61743.0,0.002773307276698471,3091.0,1295.0,1677025.0,596563.0,323665825.0
599,3094.0,3098.0,130.0,3098.5,3093.5,61873.0,0.0018680308081388665,3096.0,1300.0,1690000.0,402480.0,219700000.0
600,3099.0,3103.0,73.0,3103.5,3098.5,61946.0,0.001048971146108748,3101.0,1305.0,1703025.0,226373.0,124320825.0
601,3104.0,3108.0,24.0,3108.5,3103.5,61970.0,0.0003448672261179446,3106.0,1310.0,1716100.0,74544.0,41186400.0
602,3109.0,3113.0,160.0,3113.5,3108.5,62130.0,0.0022991148407862975,3111.0,1315.0,1729225.0,497760.0,276676000.0
603,3114.0,3118.0,5.0,3118.5,3113.5,62135.0,7.18473387745718e-05,3116.0,1320.0,1742400.0,15580.0,8712000.0
604,3119.0,3123.0,19.0,3123.5,3118.5,62154.0,0.0002730198873433728,3121.0,1325.0,1755625.0,59299.0,33356875.0
605,3124.0,3128.0,133.0,3128.5,3123.5,62287.0,0.0019111392114036095,3126.0,1330.0,1768900.0,415758.0,235263700.0
606,3129.0,3133.0,156.0,3133.5,3128.5,62443.0,0.00224163696976664,3131.0,1335.0,1782225.0,488436.0,278027100.0
607,3134.0,3138.0,57.0,3138.5,3133.5,62500.0,0.0008190596620301184,3136.0,1340.0,1795600.0,178752.0,102349200.0
608,3139.0,3143.0,92.0,3143.5,3138.5,62592.0,0.0013219910334521209,3141.0,1345.0,1809025.0,288972.0,166430300.0
609,3144.0,3148.0,10.0,3148.5,3143.5,62602.0,0.0001436946775491436,3146.0,1350.0,1822500.0,31460.0,18225000.0
610,3149.0,3153.0,60.0,3153.5,3148.5,62662.0,0.0008621680652948615,3151.0,1355.0,1836025.0,189060.0,110161500.0
611,3154.0,3158.0,101.0,3158.5,3153.5,62763.0,0.0014513162432463502,3156.0,1360.0,1849600.0,318756.0,186809600.0
612,3159.0,3163.0,138.0,3163.5,3158.5,62901.0,0.0019829865501781816,3161.0,1365.0,1863225.0,436218.0,257125050.0
613,3164.0,3168.0,143.0,3168.5,3163.5,63044.0,0.0020548338889527533,3166.0,1370.0,1876900.0,452738.0,268396700.0
614,3169.0,3173.0,76.0,3173.5,3168.5,63120.0,0.0010920795493734913,3171.0,1375.0,1890625.0,240996.0,143687500.0
615,3174.0,3178.0,72.0,3178.5,3173.5,63192.0,0.0010346016783538338,3176.0,1380.0,1904400.0,228672.0,137116800.0
616,3179.0,3183.0,141.0,3183.5,3178.5,63333.0,0.0020260949534429244,3181.0,1385.0,1918225.0,448521.0,270469725.0
617,3184.0,3188.0,123.0,3188.5,3183.5,63456.0,0.001767444533854466,3186.0,1390.0,1932100.0,391878.0,237648300.0
618,3189.0,3193.0,145.0,3193.5,3188.5,63601.0,0.002083572824462582,3191.0,1395.0,1946025.0,462695.0,282173625.0
619,3194.0,3198.0,31.0,3198.5,3193.5,63632.0,0.0004454535004023451,3196.0,1400.0,1960000.0,99076.0,60760000.0
620,3199.0,3203.0,13.0,3203.5,3198.5,63645.0,0.00018680308081388665,3201.0,1405.0,1974025.0,41613.0,25662325.0
621,3204.0,3208.0,73.0,3208.5,3203.5,63718.0,0.001048971146108748,3206.0,1410.0,1988100.0,234038.0,145131300.0
622,3209.0,3213.0,100.0,3213.5,3208.5,63818.0,0.0014369467754914358,3211.0,1415.0,2002225.0,321100.0,200222500.0
623,3214.0,3218.0,191.0,3218.5,3213.5,64009.0,0.002744568341188642,3216.0,1420.0,2016400.0,614256.0,385132400.0
624,3219.0,3223.0,49.0,3223.5,3218.5,64058.0,0.0007041039199908036,3221.0,1425.0,2030625.0,157829.0,99500625.0
625,3224.0,3228.0,25.0,3228.5,3223.5,64083.0,0.00035923669387285894,3226.0,1430.0,2044900.0,80650.0,51122500.0
626,3229.0,3233.0,36.0,3233.5,3228.5,64119.0,0.0005173008391769169,3231.0,1435.0,2059225.0,116316.0,74132100.0
627,3234.0,3238.0,106.0,3238.5,3233.5,64225.0,0.001523163582020922,3236.0,1440.0,2073600.0,343016.0,219801600.0
628,3239.0,3243.0,106.0,3243.5,3238.5,64331.0,0.001523163582020922,3241.0,1445.0,2088025.0,343546.0,221330650.0
629,3244.0,3248.0,137.0,3248.5,3243.5,64468.0,0.001968617082423267,3246.0,1450.0,2102500.0,444702.0,288042500.0
630,3249.0,3253.0,187.0,3253.5,3248.5,64655.0,0.002687090470168985,3251.0,1455.0,2117025.0,607937.0,395883675.0
631,3254.0,3258.0,189.0,3258.5,3253.5,64844.0,0.002715829405678814,3256.0,1460.0,2131600.0,615384.0,402872400.0
632,3259.0,3263.0,100.0,3263.5,3258.5,64944.0,0.0014369467754914358,3261.0,1465.0,2146225.0,326100.0,214622500.0
633,3264.0,3268.0,53.0,3268.5,3263.5,64997.0,0.000761581791010461,3266.0,1470.0,2160900.0,173098.0,114527700.0
634,3269.0,3273.0,150.0,3273.5,3268.5,65147.0,0.0021554201632371537,3271.0,1475.0,2175625.0,490650.0,326343750.0
635,3274.0,3278.0,172.0,3278.5,3273.5,65319.0,0.0024715484538452696,3276.0,1480.0,2190400.0,563472.0,376748800.0
636,3279.0,3283.0,38.0,3283.5,3278.5,65357.0,0.0005460397746867456,3281.0,1485.0,2205225.0,124678.0,83798550.0
637,3284.0,3288.0,175.0,3288.5,3283.5,65532.0,0.002514656857110013,3286.0,1490.0,2220100.0,575050.0,388517500.0
638,3289.0,3293.0,11.0,3293.5,3288.5,65543.0,0.00015806414530405793,3291.0,1495.0,2235025.0,36201.0,24585275.0
639,3294.0,3298.0,42.0,3298.5,3293.5,65585.0,0.0006035176457064031,3296.0,1500.0,2250000.0,138432.0,94500000.0
640,3299.0,3303.0,136.0,3303.5,3298.5,65721.0,0.0019542476146683528,3301.0,1505.0,2265025.0,448936.0,308043400.0
641,3304.0,3308.0,165.0,3308.5,3303.5,65886.0,0.002370962179560869,3306.0,1510.0,2280100.0,545490.0,376216500.0
642,3309.0,3313.0,128.0,3313.5,3308.5,66014.0,0.0018392918726290379,3311.0,1515.0,2295225.0,423808.0,293788800.0
643,3314.0,3318.0,39.0,3318.5,3313.5,66053.0,0.00056040924244166,3316.0,1520.0,2310400.0,129324.0,90105600.0
644,3319.0,3323.0,123.0,3323.5,3318.5,66176.0,0.001767444533854466,3321.0,1525.0,2325625.0,408483.0,286051875.0
645,3324.0,3328.0,74.0,3328.5,3323.5,66250.0,0.0010633406138636625,3326.0,1530.0,2340900.0,246124.0,173226600.0
646,3329.0,3333.0,111.0,3333.5,3328.5,66361.0,0.0015950109207954937,3331.0,1535.0,2356225.0,369741.0,261540975.0
647,3334.0,3338.0,197.0,3338.5,3333.5,66558.0,0.0028307851477181287,3336.0,1540.0,2371600.0,657192.0,467205200.0
648,3339.0,3343.0,89.0,3343.5,3338.5,66647.0,0.0012788826301873778,3341.0,1545.0,2387025.0,297349.0,212445225.0
649,3344.0,3348.0,51.0,3348.5,3343.5,66698.0,0.0007328428555006323,3346.0,1550.0,2402500.0,170646.0,122527500.0
650,3349.0,3353.0,130.0,3353.5,3348.5,66828.0,0.0018680308081388665,3351.0,1555.0,2418025.0,435630.0,314343250.0
651,3354.0,3358.0,58.0,3358.5,3353.5,66886.0,0.0008334291297850328,3356.0,1560.0,2433600.0,194648.0,141148800.0
652,3359.0,3363.0,108.0,3363.5,3358.5,66994.0,0.0015519025175307506,3361.0,1565.0,2449225.0,362988.0,264516300.0
653,3364.0,3368.0,38.0,3368.5,3363.5,67032.0,0.0005460397746867456,3366.0,1570.0,2464900.0,127908.0,93666200.0
654,3369.0,3373.0,160.0,3373.5,3368.5,67192.0,0.0022991148407862975,3371.0,1575.0,2480625.0,539360.0,396900000.0
655,3374.0,3378.0,1.0,3378.5,3373.5,67193.0,1.4369467754914358e-05,3376.0,1580.0,2496400.0,3376.0,2496400.0
656,3379.0,3383.0,101.0,3383.5,3378.5,67294.0,0.0014513162432463502,3381.0,1585.0,2512225.0,341481.0,253734725.0
657,3384.0,3388.0,121.0,3388.5,3383.5,67415.0,0.0017387055983446374,3386.0,1590.0,2528100.0,409706.0,305900100.0
658,3389.0,3393.0,58.0,3393.5,3388.5,67473.0,0.0008334291297850328,3391.0,1595.0,2544025.0,196678.0,147553450.0
659,3394.0,3398.0,5.0,3398.5,3393.5,67478.0,7.18473387745718e-05,3396.0,1600.0,2560000.0,16980.0,12800000.0
660,3399.0,3403.0,153.0,3403.5,3398.5,67631.0,0.002198528566501897,3401.0,1605.0,2576025.0,520353.0,394131825.0
661,3404.0,3408.0,177.0,3408.5,3403.5,67808.0,0.0025433957926198412,3406.0,1610.0,2592100.0,602862.0,458801700.0
662,3409.0,3413.0,76.0,3413.5,3408.5,67884.0,0.0010920795493734913,3411.0,1615.0,2608225.0,259236.0,198225100.0
663,3414.0,3418.0,114.0,3418.5,3413.5,67998.0,0.0016381193240602367,3416.0,1620.0,2624400.0,389424.0,299181600.0
664,3419.0,3423.0,43.0,3423.5,3418.5,68041.0,0.0006178871134613174,3421.0,1625.0,2640625.0,147103.0,113546875.0
665,3424.0,3428.0,162.0,3428.5,3423.5,68203.0,0.002327853776296126,3426.0,1630.0,2656900.0,555012.0,430417800.0
666,3429.0,3433.0,18.0,3433.5,3428.5,68221.0,0.00025865041958845846,3431.0,1635.0,2673225.0,61758.0,48118050.0
667,3434.0,3438.0,13.0,3438.5,3433.5,68234.0,0.00018680308081388665,3436.0,1640.0,2689600.0,44668.0,34964800.0
668,3439.0,3443.0,185.0,3443.5,3438.5,68419.0,0.002658351534659156,3441.0,1645.0,2706025.0,636585.0,500614625.0
669,3444.0,3448.0,122.0,3448.5,3443.5,68541.0,0.0017530750660995516,3446.0,1650.0,2722500.0,420412.0,332145000.0
670,3449.0,3453.0,147.0,3453.5,3448.5,68688.0,0.0021123117599724105,3451.0,1655.0,2739025.0,507297.0,402636675.0
671,3454.0,3458.0,45.0,3458.5,3453.5,68733.0,0.0006466260489711461,3456.0,1660.0,2755600.0,155520.0,124002000.0
672,3459.0,3463.0,125.0,3463.5,3458.5,68858.0,0.0017961834693642949,3461.0,1665.0,2772225.0,432625.0,346528125.0
673,3464.0,3468.0,50.0,3468.5,3463.5,68908.0,0.0007184733877457179,3466.0,1670.0,2788900.0,173300.0,139445000.0
674,3469.0,3473.0,144.0,3473.5,3468.5,69052.0,0.0020692033567076677,3471.0,1675.0,2805625.0,499824.0,404010000.0
675,3474.0,3478.0,114.0,3478.5,3473.5,69166.0,0.0016381193240602367,3476.0,1680.0,2822400.0,396264.0,321753600.0
676,3479.0,3483.0,191.0,3483.5,3478.5,69357.0,0.002744568341188642,3481.0,1685.0,2839225.0,664871.0,542291975.0
677,3484.0,3488.0,75.0,3488.5,3483.5,69432.0,0.0010777100816185769,3486.0,1690.0,2856100.0,261450.0,214207500.0
678,3489.0,3493.0,160.0,3493.5,3488.5,69592.0,0.0022991148407862975,3491.0,1695.0,2873025.0,558560.0,459684000.0
